000d5aeef0bb446990780de6010fe085,5.660784813894523,A,4.795180308026462,35.22475049332258,4.723786004320834E-4,4.0,5.23738739002698,0.04155581491975361,2.40275577367,-3.14166952121,0.0
00fe2715c7d743af99ede37caca0f824,2.147857238083658,A,-1.9183840995989532,17.79751174935489,0.6312785804221875,2.0,0.7075969563417495,1.6323421013497905,0.139245723097,2.14505352233,0.0
011fc3f775df452da6aadc4b844f7658,1.2658183305588688,C,-1.1042815071289194,23.558158513999945,0.002082451625998353,4.0,4.922076893772561,0.010984370753790234,7.18399538977,9.23747945566,1.0
01d54c87e53449de95af3894a4c8039d,1.6033452599845344,B,1.044220011499451,25.10099227391562,8.541784033662993E-4,1.0,0.602074191580031,0.51144938231786,0.623202974693,14.4096906891,0.0
0218d93f32fb4a3b81b349af3689b9af,4.060437513243621,A,-2.332595825687525,25.85616653432793,739.7506181717963,2.0,6.931639061202576,0.026308291911189288,8.50473797472,3.63513951173,1.0
042d318c6225473fa105392dfe4576a2,6.2184492472824795,A,9.645952155098975,26.72922067065399,64.73118108510981,3.0,5.486913272131528,0.19365113163177472,5.14182394045,-1.55646666124,0.0
04af8deedc4848dfa01db2130b9e5d85,0.32796000181151697,C,6.931382266273044,36.189566373439575,0.5533825056604096,1.0,3.720782057102663,3.8485332452129433E-4,1.77811957164,-5.22079032752,0.0
04e47563bb7a4f7481ff035dec335989,3.052664915327367,B,-2.804783098204737,17.48130117631849,1.5370161292750208,2.0,5.495512777513294,4.343713642841968,4.7423196726,-16.7729119115,1.0
04e6f0e113a941089c7c8c4c71ede203,4.742658279952863,A,8.540841351827716,22.477514851447715,0.08462171158521527,1.0,7.63659373001651,12819.05334239089,6.47375551026,-0.484844235856,1.0
04fbee428c4d473fb500a10e02adaec1,7.311771220092757,A,0.7946168148988277,27.619767312363813,20.78357502024779,3.0,0.02106740281981989,4.256888782798232,8.15542064506,0.1969278828,0.0
05b7549083e248a78d45986948347b74,7.295933855723283,C,-3.890665175284333,26.128417067485103,118.23837340719209,1.0,2.1826923912273513,0.8735732298261333,6.28593655878,-4.78906187879,1.0
066cf792310f47a08c3effc8bd1cb7ff,1.7228048617318747,A,-1.7947126428352895,28.48671619229716,11.790856666763288,1.0,0.6698183388464829,0.298968014981247,3.77156359258,4.27440268727,1.0
06f7ae292eba49ee8f805389e98eeb73,2.0136578090545045,A,1.8643741240905196,19.469160564163765,0.04482410864203079,2.0,6.5486399184161055,7.597096471248262E-5,9.8832041378,3.4532174572,1.0
0710848a538f4af98bd3cda387351a73,5.639745432269162,B,2.0976440816904343,28.00622833909499,0.02029559986207334,4.0,0.02539394350353552,0.16400331843891303,7.13970586847,2.53495462995,0.0
075ce5b70c314e6f9861b240cddf4415,0.33397895225402374,A,-4.544835216286186,41.49256060783654,0.05730296329005401,2.0,2.938238513766278,0.17012662151261876,0.209909369142,-4.71080761813,1.0
07c0eac9b6c44eb7881203b7f0e7777f,3.1194164863459473,C,-2.6641757901177074,20.844506415893278,0.04066637054241279,1.0,7.504991818047571,5.508259026371027,8.29067090183,3.30861667034,1.0
0922b2018f0d47a292509294e69a75bc,5.103996644268058,B,-0.7405614379956496,21.319688274308017,104.09798459188028,2.0,8.833272077209136,53.72286780700459,8.71840814947,-2.33221080349,1.0
09b4ca5453c045759a25dc7e74438c30,5.001997795589905,B,-5.1749896596405955,22.07955269923109,0.14475879210505976,4.0,4.855479554256777,0.14190766477757302,2.02822188758,-9.84778834206,1.0
09daf93394ed47e18f4da0718d810eaa,9.78489255026116,B,-10.01539009706024,24.043830434673627,0.014046205344654832,4.0,7.3595619627117115,0.002031977449515918,0.852530600629,-2.28550345848,1.0
0a45647ea096482f9217092c3470a715,6.646774382076415,A,1.0887190911713132,34.440540873808395,47.8196668245714,4.0,4.851812675879553,9.602170222175129,5.03686514087,0.0301106987797,1.0
0a874a9e0db24250803fdf84dc9bb413,1.1294799914041276,B,1.0891428759148871,26.827063608201367,1.0880782252377317,3.0,1.9734667793331584,8.310759518210403,0.515068104165,-7.52444542159,1.0
0ab4f53d7f5c4022a93dd5b88303d4de,7.438640437882375,B,-10.15809198183401,27.36185596904035,167.92618593558342,1.0,2.2348498352542823,0.004638508515682656,3.39220726777,3.13841194141,1.0
0adabd69365a4675a5115f523eb6cac2,5.908940634845495,A,5.835806544122789,25.619885887212764,154.5030125664386,2.0,4.9206173952858245,31.3019444157372,4.86616320486,-0.768597840304,0.0
0bb1a0a8312b4da9af2af51bf39d6a83,7.4927519292292235,C,3.2864421271451554,27.548033490469052,1.2191464799534704,1.0,0.9293487177141824,193.31054928870455,0.34349444727,-6.20656536054,0.0
0c77043456cc4d38b050d2f12530c280,5.97639663301639,B,2.832604919025484,27.0521219866798,0.15201472539596966,4.0,0.9686361072709371,7.165123033449814,1.07321657083,-3.34904039227,0.0
0ddddadb8cfa43baa92b3fdb3ca096e7,7.852528343001036,A,6.363983393460803,26.30878707882112,3652.7198837086244,2.0,6.972415503822655,0.07606489865669783,6.83426086673,2.14160540126,0.0
0e55d1f2fa3841ad8ce5efeda1145f15,4.736921620343326,A,-0.1874679935147711,28.816594770572266,0.998641932524638,3.0,1.5165294061740875,410.3137790217103,4.29805823533,-3.07635909184,0.0
0fa31aa7324f48a3a127378259713d57,2.7938413431345688,B,2.6355399059847384,27.12786262379444,0.025838400658734332,2.0,1.2307281403291048,0.0708945934402355,0.897029295893,2.04427486058,0.0
0fc9736a77154c14924982765c4d10ad,2.8994215198847275,B,2.277327584188574,17.94998379154987,366.3614904743189,4.0,5.298857053354026,0.023242042261271433,8.69980471323,-7.35299842107,0.0
1017fb3428de4c5591325580c3e54686,0.10668352076607213,B,2.461255477185276,31.693020190761324,2.380805689173822E-6,1.0,6.415485662285068,4528.626728269361,6.24510893025,-7.29350074301,1.0
11fe3dabfa8b45f482c6230f3a6c86eb,0.9956077865555657,B,1.4322700289722534,21.84657836786873,63.26536957686582,3.0,1.5179833621887173,6341.160452465505,4.88829686462,-1.3332613048,1.0
12695cec139344aaa5b9a9d18d2ac96e,2.9667627685183176,C,-5.189238342524214,16.18431723677592,0.7537261186436849,4.0,9.329407933493822,9.709540919609266,8.15729019281,4.4475018359,1.0
128fa2dc82974769a3264a27215d6b60,7.336685165099329,A,4.171879593072134,22.74258986194288,8.80234273628511,4.0,2.276864277905548,29043.027144279753,9.03696266426,-4.98921447353,0.0
12b3a29dc69d473eb186f9715061171c,9.968549478808795,B,-7.371597506665966,30.43086052545839,55.57647978499384,3.0,6.27728639761182,0.4903595073070872,0.350153756727,-9.6963392607,1.0
136bde60591d44c6818cd51fad92c995,7.208827623107981,B,12.54542551197595,33.70126779565122,0.021186444018126006,4.0,4.004389121955173,165.77804053057335,2.28924897038,-10.64140442,0.0
138c77f2d6c947c28c006c8241c42bd9,1.2144822281641965,B,4.434997981394165,25.531693171647415,590.6621419145234,3.0,4.508925543955236,0.008559699093064442,2.07524296641,1.40451502425,0.0
13a088b260384255a9e1a5b9af4d511b,3.476077862794206,C,-2.1016594794254186,23.038401316528976,1.6493956439247939,3.0,2.2629358025624438,1.9300321920003467,0.681437742822,-10.2074145483,0.0
13a29a323c1c42119e7f1f1a97084673,4.185238775617753,B,3.2764948765059976,28.500363247785188,0.010261197201601147,1.0,2.825288025149595,1.1601008104551929,3.41264508684,-1.54273637628,0.0
13bc202e83b249e9a69159c08b8febc3,4.6705940577412814,B,-0.7303624070960169,14.783872126375746,2.0932456864024216,3.0,9.047895736091178,2.070315410899351,9.99029904015,-4.54751506479,1.0
1456c15a2f814c59a47afc095871dbf4,1.6302704334504559,A,6.836264147630598,18.86480447143996,0.6487297569775513,1.0,4.6001042981286755,1564.0327309709528,2.66751079955,10.6596211301,1.0
145a97ba11ce467e82f515fcef5466fb,5.476318332232654,C,-6.802508858833059,27.140353341478303,876.6086287549244,4.0,5.113646375605447,9643.423350613284,0.584072674803,-9.26803944129,1.0
14cb56e2bfe64bc2a6701df7c02b2535,1.9561853505869264,C,-7.162828166512519,17.386804582194458,512631.0097921846,4.0,6.99961396249509,0.6600263390417088,1.01537690421,0.0476458071434,1.0
14cd59cdd39b4ad9b312e6aff7f3545d,1.334011557514424,C,0.9008019748598326,15.750829208665508,0.0013358821718985172,4.0,2.325504943005088,1.5828115017341752E-5,5.01286462431,0.790826963065,1.0
151f01cd3ccf46fabfd16c42e27d9b35,3.0766143580328986,A,-8.592438121568348,22.47800608277873,226.5840812482537,2.0,1.7920423010203623,0.009663555376473254,9.39744921632,-9.33481992953,1.0
15e8be5567694b84beb428f747cee302,7.273187648101581,C,-1.4599899463850856,21.50827224908981,6.298375349092599E-5,4.0,2.4914790217587166,0.15920048778511214,0.64644278207,0.509480476262,1.0
15e9c08a6e1240fe88c4dabe60c1c4f0,2.2795128961249067,B,2.759419088049249,23.25651393629609,0.005502803035403524,3.0,3.58535549221768,0.005094719739404243,4.31552730364,-1.29497644558,1.0
1624e5cb32124923860568b187704761,2.878127422772879,C,0.9646433837320794,27.21799349856831,0.14525868512968207,2.0,6.341044787147519,8.92839641583895,2.81400564112,2.68698750634,1.0
1752463fdf284959a3ac3a0bbe2eaad4,0.5263340505462277,A,-4.294202998532493,31.57551523014061,0.41285986734490426,2.0,8.37515555075975,0.08324118142335826,0.0227958767181,-7.90373850487,1.0
176681d2bb7041da9d5064364127bdb3,6.2515377446677824,A,5.778065453903995,21.395853768766266,4.643288403687717,2.0,7.899714312032888,0.015011750471675444,1.32122529262,8.8556813678,1.0
1774d6f95ee546a3b9494bf58f90f611,0.37918380881988734,C,0.2510407621586762,30.11624355083111,0.014475098117290544,1.0,3.2888708542381595,0.00769078790140909,5.51078686966,-4.21168934733,0.0
187cde80a9db4c81aafba068f30d0f90,9.30943764429487,C,1.5968796797815787,31.28176791499454,0.07935371426004666,4.0,5.127970105298699,101.5324374271205,1.60898589304,6.70320077398,1.0
18de1e3d3f1d402f9916621800dec305,8.534517439532108,A,8.808790549492748,32.80858807446616,2.3130231456498708E-4,1.0,8.152307900602075,1.020840419593951,3.42529319974,5.97773845628,0.0
18ed05d0ee2b4cc1806e06ae16c5dba2,7.525487595828963,B,10.859068152685165,17.083022174177692,35.49641442370317,3.0,6.739037643526192,3.976331994727804,9.18607744123,-0.686988830867,0.0
1a867bdcfd574e90aa1f19fad8ce7768,0.8688699245018838,A,-6.403768865641524,27.50793444177947,0.5437904580006655,2.0,3.925859400242752,0.009297742063665342,5.32220048655,7.49270626548,1.0
1af9b1b28d404fd1a982bb721121e0fa,2.683529782886068,A,-5.464703034394582,31.853347187783804,7.549137051637321,3.0,1.1248433439343097,1.7505436410103627,2.51209405188,-3.59380683867,1.0
1b1d5d7e2ab34b6fbc7636dccd735b83,2.188488008694587,A,4.187672405095908,27.302319499033626,66.03995914072183,3.0,5.858663131344928,1.2605841965776266E-6,1.10986651485,-1.23859268807,1.0
1b2a253c314d413b8587ce079aecd936,4.059098854992925,A,0.4953159435521403,27.424112043972343,1702.484784645648,4.0,5.609678076925961,3.8652961787533564,6.93811680435,-5.15275200985,0.0
1b2ad7c415ff48f5a01db5a21e96259c,1.0919498680236606,C,-0.37133580571624575,24.506118809654506,0.0039915271090413505,1.0,0.9183555139141719,80.05740654465032,4.85542670993,-7.60146673046,0.0
1c0651ff8f544a3ca51db5081bd56650,6.358832863143134,B,0.6789913280956855,29.816806368697947,9.175214212850818,4.0,0.21447326626655716,0.0544485204844592,0.861951886362,-6.0085789485,0.0
1d558644c12647399e53d51d22fe794d,0.3789455264551689,A,-10.065352434588988,15.123291803406456,987.2293129349839,1.0,0.7322450509449452,54.21148567641749,0.322363597161,1.95381004394,1.0
1df58283ce264c9290a76f3e4b1c605c,4.978942383249043,A,9.841106582131564,22.391131716459608,0.10873845747349356,3.0,4.07901721114299,0.25689078703798207,5.5754200318,-1.69793255339,0.0
1e0f2fe140b94ddab5552490aaff09af,2.2168188930251844,C,1.1077507906859316,18.54543338140023,4.024887660662939,1.0,0.18217176534702006,0.01474633585063819,0.946813365583,-0.151536384568,0.0
1e0fa870fcea4fdbb9662cd66a6743e9,6.4904333880541145,C,4.9943825380193,28.08228587944538,5.750288171006678,1.0,7.427089980737041,0.16795204462507898,2.85227823809,1.39157798924,0.0
1eb546ddb9454808a6e8450cb1e51a03,4.4546606061757075,C,-2.9426991825011726,23.828587391840138,15.231350738053857,3.0,9.771646678773735,0.17374174837281778,7.97011090373,1.0282719205,1.0
2069f6b2112948c1b81e755c5f799520,4.303326833178379,B,0.5246152357423524,23.870873950661966,0.0020789283108681154,4.0,6.541584685264952,6.088868917331609,6.33927120188,9.38933116579,1.0
2088f468dc4943298768a5e249ee282b,0.3838989984381658,A,-3.0610272381220143,21.482610465500382,0.1760751102896237,3.0,8.603922658376955,2.7168563084202862E-5,8.18738372341,-3.13407998758,1.0
20d0dae3aa5040158fccec5d3e6eec2b,7.809577623518683,C,5.164625255242345,22.5021392255631,5.1470807694833445,2.0,1.9954675843072,0.23986997847707262,0.417896976217,-7.31986644894,0.0
20fd915881e6471ba21a6884fc07441a,3.5321940301796872,C,-2.2489761014802045,23.449829423708103,0.26572348674157303,4.0,6.05551091188511,0.0024481158582468137,0.947534508358,-1.86019269494,1.0
2162f6b47bc749119edef7f9cdf218c8,0.6579908930710121,A,1.664608941183646,30.927282871559477,14.645612084012555,1.0,7.9486027598647055,0.33517644864209883,7.41882601794,-1.58921277436,1.0
218a9a3d7bd64a17bc587f6689eda808,8.664488599782885,A,-3.6821408514410514,22.909519083727666,0.18091359564087975,4.0,7.4681075450844325,5.406698329406327,6.39946416002,-4.91582206392,1.0
21e8fd99e4d34bcdbc09f47b34a64133,6.604666090619852,C,2.618115603839387,25.508642777061652,69.94550391829968,2.0,5.915440989043606,4.0211860623721996E-4,5.07653260387,-2.40996640658,1.0
2266514317284a0b91befa770884400b,1.4797189863873295,B,-6.117814949570795,25.025044921576303,15.361735071297373,2.0,2.5159464850544855,0.10091384454182355,3.18344329633,-3.79842677224,1.0
22be6fff37624236ad1b1d2701cff3dc,5.881749761690269,B,-9.893966486553769,24.005834497679565,0.0010352387473908458,1.0,2.6844355480307436,0.46041717558055867,4.92494914185,-0.870156944037,1.0
22ce4106900c4546a4e2a92d5ca4de8f,5.774012711503344,A,0.015349862233357155,27.132057617758843,0.0163990799651683,1.0,1.800913448632514,0.3313075224900537,0.659527684579,-4.3435857561,0.0
2366ce1955cd42448c82eb9b122516eb,9.390340949279496,B,2.750487735065004,25.009826609409412,3.9385759954881463E-4,1.0,5.882728330240736,0.0015437432392361942,9.49022453569,2.83460596185,0.0
23b96956ccd745a7b6bce45c1ec91b7a,6.118080917848574,A,-0.504524833324177,29.08058119470307,0.8772573936882766,3.0,7.370072422137747,2.66962076827471,4.30430415793,4.86083147449,1.0
243925805b964016bda6ec78846e934b,8.945652026973619,B,4.015869486557849,22.592917859245443,1.441062939285132,4.0,1.0082332615893497,0.10887009751115158,7.0242268309,10.1628579628,0.0
248daae383b14056a4d54daa5bf17d8c,0.8837301522746455,B,-1.4229829399100022,16.26817631837572,5.378780587496071,3.0,5.439884025164288,0.10859592748963783,4.2302470541,-4.38822787699,1.0
24ba32d41d14438889d1a118ab301e0a,6.733069110071423,A,0.40795484441729213,27.874947709037663,931595.0331158565,4.0,2.9647401906597315,8119.237934940383,9.55674643569,4.79629653363,0.0
25e5baafe20f4947b361d45f2d8ab6f4,7.605518814462044,B,-9.195391640515584,23.040511251308835,3.3488603605630827,4.0,9.722008131664797,13.456995408687929,9.18251190664,2.62265404947,1.0
263913059fd04314965a892e70e32c43,2.6529880667424424,B,-6.009328049212318,19.998984521474732,0.7818471556656992,3.0,4.857183471772978,2006.2595935588463,4.88607090557,-1.36075059416,1.0
263fc467bf2e49b2813250e4d9775380,6.656138978066415,A,7.407797362082107,15.684611552428306,59.22015674757949,4.0,0.056784041556340314,38.35049776785553,7.07840658275,5.18441434421,0.0
2658c1aa3b92424f929e4c7b91962a6d,0.9946149244349001,A,1.0032511937340276,17.50440697079702,1.6945400586042092,3.0,2.1998668682063083,73.46439411081913,3.67461699486,-6.75977728216,0.0
26747b9b9e284e369c0432a7693b9675,2.6994709513906523,C,0.559166043962716,22.37995543894708,0.06621289462113626,3.0,6.647254259554711,3.5956354829854784,2.74789441668,2.77652813198,1.0
26ab865a5d334b418ce34ef57e3f5bc0,0.0367126154091979,A,5.808683006951497,23.92934800115845,2898.2604853833755,1.0,0.5846301351432992,1.0226803831819515,0.49555197547,-0.340287220482,0.0
26eb9cc8b23846b78cde65fcf49b4284,4.207237989504789,A,-2.0709659035427737,26.440080109601052,18.234629824703415,1.0,3.241803629304857,2.3294679325128778,2.03505177156,-0.150547708169,1.0
28b22e00e67340a28b97fcd8f423e870,8.7963700129926,C,5.082875438508976,26.08489217426518,0.007173817515935548,4.0,3.881406633836122,562.2883908164503,4.15217520733,1.16161063225,0.0
291f3b93765046449beed9054f18269d,0.7739937019993959,C,-4.40838399700252,26.37133014909793,1.2183938600083473,4.0,7.663908497946745,34.325608168690955,6.77063618224,2.77790592754,1.0
296b0c58b585490c9a5c86841167b1da,4.343322074879251,C,-17.62344727288228,25.744508021466313,0.07112299138161939,3.0,0.4705756130044103,0.8734802510401498,2.36677492141,0.629810103119,1.0
297dce49c93b46208f20c9bf5aef0bd0,0.7200226167199286,C,-0.6345273215135936,33.91849476343516,2598.5917441586284,4.0,4.133265788386007,2.2565573780227317,9.71195149017,-16.170245804,1.0
2a86db0612a04d4f9ce6bd8b06c8296d,4.049637272181452,A,-0.4311421868333834,25.88237205398459,26.663759262889894,4.0,1.5640292111232612,0.2586393441832639,0.302068504413,-2.43711941368,0.0
2af22df69b214fa19dffca6bae55b3b1,5.157038491327879,C,0.21509882344507902,13.621394622967742,2.6710042754221104,1.0,6.3872505790888585,2.405310361296111E-5,7.4507676642,5.43458459546,1.0
2b53567644d84938a007a22fe0a80505,4.124193871158875,B,2.407386997148679,23.256918264188656,0.10242375314286234,1.0,0.24507989166468014,0.01899722474498674,6.79090189293,1.22944084847,0.0
2b649349aa5e46469cef6fcf2e265aae,3.3202767368939448,A,3.9489098254791415,20.20093471160755,0.6054376536398998,4.0,0.8863405502504595,0.00505171389325118,6.6951381813,5.14971270512,0.0
2c09da7436e94eeb9df9a6752ed769c6,7.568900627719497,B,-3.983930766234318,25.41164899174691,6.314882057873388,1.0,2.403577804291591,0.2196555537588504,5.16969328376,-0.703804853563,1.0
2da1f74bac3c4d2fb05eae1200b77e0b,8.270254496751729,C,-2.50519754711775,29.98224416546438,0.017427912762063565,2.0,0.4912920534673848,9.57098124256869E-4,8.73888977748,0.62005932714,1.0
2de866cef9104ef294a69bed23db9c9a,7.222148551157389,B,5.663473201092649,24.760650727429937,944.3041165229462,4.0,5.481744645038482,0.4861679520667269,8.5967951734,-6.69464837957,0.0
2f4f83dbde5e43f787317539034ebbf0,1.3657338609236758,C,1.3790862930560404,27.74784367420012,163.52447443583148,2.0,0.07188151357165329,631.1672643284192,6.03123814752,3.98406264358,0.0
2f898bf127a045c9ac1bba7eca3f4f41,9.102562464840556,A,-7.036685065393321,21.58930370005371,0.5641055236097914,1.0,3.384418142665665,1.6674021142787891,1.27161346117,-0.904975690651,1.0
305a09d3457c434d90f24b382c6f88b0,6.019482446098725,C,2.1605051023374995,15.107456448601013,7.700966020072443,4.0,3.8939132293540513,3238.122184955926,0.355073246654,-5.52790753201,0.0
309acf107d5049fa82e269ac5c5e0db8,2.800111946352819,B,7.946103174225949,28.26646790614134,10.411565180550657,4.0,3.707704922716796,0.28205491665113297,3.68216393564,-1.83956820881,0.0
30db56c046e54209886f7e916e9ac78d,3.751323621013211,A,-9.676878134406087,27.220820956901584,1958.4598297561265,4.0,6.133013280662338,0.005324096882925891,7.91064996975,-0.584463388209,1.0
31729af2632d4f81baeaa1c60e263141,1.440788005062903,C,2.5109528123329343,15.469261255956742,1013.6457598878173,3.0,9.72765533323119,0.5163902070712241,3.34934725248,-0.411839797056,1.0
321a6e8c83e44453862ffa644ed4dae3,4.060584110415296,C,-2.126963652570173,25.080785064835617,0.01454764927724177,3.0,7.799024414269376,6662.078559377347,4.87453374129,4.629587817,1.0
3257c2502b664159a3efbe7fe0726839,9.344336487698676,C,7.5437413642123925,23.28524869665837,0.44351144639088874,1.0,9.769373728163256,267.68440743377784,2.96040613929,0.368403770396,0.0
325cd8463db64725accc1b76d7823d12,9.052002436879757,B,2.218450384093652,25.391272804147178,0.6213285940493868,1.0,4.995636492145449,0.05364764482584536,2.93470275494,-6.61698638294,0.0
329044d1228c483a8f13a322b1cee470,0.5835657187738597,C,4.188366533186022,25.92539870502043,0.005720623582666001,3.0,3.7201823398028955,6.069004990638089E-4,3.45916598767,1.06186811843,0.0
3294870da3bf4c81bb64cdc07102e831,4.418921134739277,A,9.785207081757118,22.106319206007544,648.1116183157676,1.0,7.9621787353524045,389254.94775940676,8.70030259288,0.307386909125,0.0
3351d1eafe4d42bc8a9be96f1d757b8e,4.677482802191123,A,4.480803254109333,20.939465815566713,0.03670558409167454,3.0,6.7426278185524255,0.7073726555175689,0.470475924526,-3.17215450659,1.0
33f32e76eaff4265a68822f988b7c91a,0.07716331920201602,B,-3.7116758134833634,28.990398585000808,0.04007365798886066,2.0,9.092025139541857,0.5359896298226557,8.79247286983,8.21148007675,1.0
34024987e70b4fbd90a2bab8bedea4b4,9.894533796388501,A,-1.115239110017511,26.794129903586654,0.3689972708109974,4.0,3.306026977039267,30.74579120606701,8.78244958408,-4.87144558545,1.0
341245cddef049ad94730a4bb74590de,0.2583796593168075,A,1.420965097311809,27.45117333250143,549.1183313220363,1.0,1.6850452058450327,0.00322565966010706,5.82522549094,-0.663000074828,0.0
3425f28ab9c6434a849064794276b95c,8.014849553056871,A,2.5616755146781465,22.61223091275525,7677.2532996107375,4.0,5.628882127518343,6.45942909280737E-4,0.31193714415,3.38090872411,0.0
34a13f4ebda04b4b81b45a393969f6e4,7.9104164451861205,A,-5.39850423615229,25.99880291974143,670.4444176954614,1.0,5.893529527062671,246.56381514912084,7.51317793988,-3.73812762549,1.0
34f56d0dd9124921adbb22776a3120e9,9.959846355369713,C,1.5901017299845555,27.19468787978979,38.71992842950859,1.0,8.974605416888355,516.7802200326163,2.0140705054,4.20675157434,1.0
3579d67521f448808b7f651a48fd4d56,5.29768151971359,C,4.784307867104451,17.021165045518572,575.6985461960273,2.0,6.671635302914259,0.017395083469799632,1.56678439664,-1.68684310231,0.0
3594d1a3e3e3410a84669b2b3dacaec1,6.300989643618258,A,4.658308802207406,23.74319473338239,0.05188015018240178,1.0,1.326748107545036,1.1611051882725363,1.9479120771,1.88921321644,0.0
35d982c85e404c7798f1287987beb4bb,9.476867982397048,B,-2.181378571079374,13.652506117623071,3.8943720419607963,1.0,0.7074607024345902,46003.14853006958,1.32966843153,-7.33296388061,0.0
362002aecc104b66bebb4b4e2fa9e510,6.306114410157406,C,2.375151437365955,28.07885341702915,5.465348384554913E-5,2.0,0.9427407886607908,40.867286535687896,0.392852725613,1.02507230538,0.0
368049a9ce0f41169c162405f56e0e6e,5.247500905798731,C,5.313771981327076,26.985905004814533,4060.259175215242,4.0,7.3222373915909245,1364.6453481234532,4.54767685536,0.155831127286,1.0
37141017953548a6a8eef679cf5677ea,4.542901253353878,B,-13.327917452429256,20.281897998780362,6.256498675106806,3.0,6.920044408716519,7.965351850910277,7.75137868332,4.06835104551,1.0
372a24af65724f06967f40fe569d68d9,0.7258529883036757,B,-12.096784649670205,22.06105451753853,92.64464160003959,3.0,1.2898529738782982,135.30265729115922,0.304661363831,1.10059467856,1.0
380d3916355348fcb9f25709bc7d3d3e,8.603900448099433,B,5.305523989372809,27.102736826404662,0.32275521139303115,4.0,6.0935878343112515,6.273399605184227E-6,0.560994134123,0.339136376046,0.0
397509a71baf4f5a9aed8326989b8f10,3.0513676881167875,B,-1.1573486410519935,27.482211774050736,12.586911290107238,3.0,2.679358550182631,0.00920645952892801,8.37981285668,-1.14613184885,0.0
3980668c9f3a438d86b0481bcad76251,9.227935707957302,C,1.203237452873607,22.374636664455824,3.220888590334895E-5,4.0,0.9699216043952064,7980.587384212705,0.877009382438,0.386288062217,0.0
39ad79a34719429ba37a03740e76b440,5.2187109540469,B,-9.950281992973025,25.667326037891357,0.030540142189039263,2.0,8.884187628505028,0.007810778204669883,6.11733135122,3.41603972115,1.0
39aead188b144847bdb8ba9a33d626ec,7.728799478011813,B,1.364435307167561,28.16352598155235,0.5900931999282116,4.0,1.1884569725751482,0.15413619800016143,1.08724403943,-2.06951943894,0.0
3a955074548442b38fe00cd8c92c23a4,5.545214533355968,A,3.2265295183955036,25.264860636227212,0.7153004245092911,4.0,1.417187962559201,636851.9493686241,4.13599322998,8.07343560432,0.0
3abf6d9dc96c467dae1ed4a15f94f205,6.019018632453451,C,-2.627334242205727,15.66902669738641,0.02956546122173886,3.0,3.985671866737218,0.2606351426671482,5.82018918092,4.69181316699,1.0
3b4980503df54da8a1237315cef7446e,2.3321985178251667,A,-2.546744932740163,29.2674337791008,0.03672729550407296,3.0,4.305471503462227,0.08233731842895438,0.812233091068,0.900365372926,1.0
3b548de281e64d4285432b1c081bbef0,9.903233758919047,A,-5.34079735580362,32.62489499308006,30.667451084430063,1.0,9.966002078573878,5.681025585005727,7.06886177807,1.46567088279,1.0
3e4e317e9f4f4853838f410998d80b08,3.288825906679451,B,-2.434735987791939,19.346218788367462,0.012901109123300912,2.0,3.4377503046189006,0.06067741698418601,1.46967792207,-4.37003038744,1.0
3ed1be24dd7a426cacd6658bb641c5e2,7.780275237460254,A,1.4257410549593355,19.473574096066248,0.006953316240246107,4.0,0.45814079229236415,7.95325729237453,7.5716363568,4.96178069909,0.0
3f22ce9320374627ac99f93393eaf035,1.368705598635499,C,1.8845842631845056,26.727115604986054,322.9785671376741,1.0,7.242779272096303,0.3692272086855442,0.153014078524,1.16282838175,1.0
40363ab03bcc426789ac4b0310f88612,8.543396868226292,B,-3.2093368114945084,17.539340901451638,308.1464459122817,2.0,2.677950444353885,0.009144774553097064,4.40535375243,4.34566836357,1.0
40d08440dd03417b96a0530a4aa873ac,1.2665716198599353,B,-8.189172792567682,26.302819568906205,126.7443880107221,2.0,5.050705601442904,0.02421908718997021,9.50929647471,-8.11271934269,1.0
4131cda38cb7487d80baa70f4b00e923,7.8189699887379795,B,-4.702446008215527,29.367439921457162,0.002685881040929824,4.0,6.49703939306653,0.5457479634115135,6.1545965,-1.45663564376,1.0
4396547c10d340569b433510d18f2398,3.5828732938247834,A,-7.6728624274243815,24.094225960078166,0.060750256156323915,1.0,6.941071185847515,163614.00783926586,2.69388145316,5.3920752649,1.0
439fc738ab994cdeb95bbaa22f829892,2.5524349483928255,C,8.637131488657635,22.119994742982005,0.016598587728297507,1.0,8.52055281999382,1235.3004291648704,7.14678466191,-6.12731823831,1.0
43c7bd9f8eac4f27aa92e3d34e8541ae,9.393890998500693,C,-3.872313922568292,32.105377489208905,0.007147354274664474,1.0,4.242310251209943,22.992674226335627,7.71815202007,1.70640039943,1.0
43d52f30c0f34ea0b0716af9b78464b4,4.688871775038464,B,-0.7232270408045276,25.73685996578296,0.5225117380525157,1.0,9.913940619366349,561.1868994931666,8.31518152872,-4.02730032384,1.0
43db7caf7ed14c059b5518873945e754,0.8272719421855668,A,3.125762858680627,29.667730781355658,98.2963767772823,3.0,4.036431325100641,1.8007302453001204E-5,4.32290000714,12.646286746,1.0
44099afde06d411f8cc1b3edd7c8c844,9.304535784554238,A,-0.6193501859547917,32.99911615373597,1.0220765736196138,1.0,7.367415803035547,0.10751127128919653,0.682254337809,4.33265095229,1.0
452503b3665b4f2994ee3df7f74f135e,3.1946697604820287,C,-3.4272414576949646,25.667750341943997,3.362609017666349E-7,1.0,1.8257912092771678,0.6625908601813711,1.54868402299,-0.474432539874,1.0
4549ce7b17f04fa2bdd2abfb42026287,2.171790032183032,C,0.9161412773360786,20.09783079005217,7051.065614214837,1.0,7.292474832936307,0.3028147847924635,2.41710365601,6.38095751842,1.0
457f3bd1e2ee4f9694ee23cd1968393e,4.127820620100277,A,0.41480746168359256,27.016108796459875,4.561681915161683,1.0,5.37335834947547,78.9766773737189,7.97963439725,7.43019681324,1.0
458e9e25e20c4cbd8e5d955eed5f6675,1.6510010976233225,B,6.818227134068076,35.66032496195741,0.7332866811010367,3.0,0.13431010710831082,0.03977584591469153,6.68456771127,1.03674189188,0.0
461a10d34f9d4480b84f646fa4469400,5.682159592206028,B,-0.6214297801714533,11.847055092628974,0.05102892864233835,4.0,1.4799877943663797,9.57484285213181E-5,8.74985967147,1.65707283989,0.0
46a9735519654f82b2f91ade46c9feef,7.8223880806870385,C,6.887065480869542,28.20703611231173,5.999068058625466,1.0,5.986587321575037,129.29408517317214,8.38450537015,4.33775355925,1.0
46c63ce7cabf4006ab523e61dcf02342,8.003850128142437,C,-1.385088810933556,18.351389608908896,0.001199096695174044,1.0,2.8705967806428023,10906.44062198018,5.57892424816,3.78868628001,0.0
4742dbe941b240858c84d36380492507,4.5869942499286385,A,0.17710013795720214,31.931275945152002,81.20862599120034,2.0,1.2955220459009686,0.12414045565499153,4.23991920218,-7.41461301899,0.0
47a27cad05b247bfa344a22872326c80,2.9834503214543506,A,-1.5705457710942794,27.677544668276187,0.04504958161075815,2.0,4.3328155605418095,1.62546583373762E-4,7.48428984493,4.98457901849,1.0
48c37f0d45de44138898976b2a4ba672,7.085390067213786,A,4.918221277007456,22.411811514147168,113.12437069221579,4.0,2.256264752848419,4.697733155177218,9.106492206,6.66340218609,0.0
49132425b25d407a8b98712b05f69512,3.7956252223893006,A,2.930850834079602,21.09441723786593,0.4671076916290831,1.0,4.996009878937043,8.947564625497465,1.90118273445,-5.42327309834,0.0
4970468aa9f54bbcb517d3bbe6e3c7a1,0.5759822434305861,B,-2.177017649407088,13.742863816239572,7077.2943481364855,2.0,9.762905323071758,0.06207600537013376,5.20246125144,-2.67451950682,1.0
4a32d212d3fd488eafc3106c7a89b391,3.653048192720828,B,-4.761749721063342,23.976311213917096,2963.211378859524,2.0,4.017269194773919,11.262547881625256,1.26937638982,-7.91666684177,1.0
4b48b4d8b6184d04a3aa39095a7c8d26,0.2730613912823532,A,2.8921844857064523,15.197248233440813,0.4562345919271836,1.0,6.764031493982252,0.006253899827855202,7.610697572,2.95550849623,0.0
4bbbc961288f4872bef2b8689cb005a7,2.894782822436457,A,-5.233874378595652,21.77262443413334,5.657916160408238,3.0,8.136293605178967,250.00946327747153,2.11558597458,2.68920604205,1.0
4bdd09fea82145dbb35257bb88240fb5,5.688360143394927,C,1.4588591185991282,28.620419237272547,0.009297779242859181,3.0,9.958399040847723,0.46201921141179125,7.812951063,-5.11730090231,1.0
4bfdc014ddbb46ff9f213dd10be50ac7,1.9859921833948768,C,0.028528663778259876,33.37692700785444,0.5226062505978223,2.0,0.4150795957215181,0.056575453247281346,7.66473704916,2.80226848406,0.0
4c17aab603c8481d8687d729caec96f4,9.634072789011565,A,0.8050967487325846,24.306099343669732,0.017965009173905377,1.0,7.581256017902679,29.9184258571886,5.2280433374,-2.76918398085,1.0
4c213cfe44ba4af58d4e6c4f1319a3db,6.550058250035321,A,0.8532949768223581,32.27278561816404,0.004752243140730778,1.0,8.30862674560986,24863.000616179324,4.84397518795,5.08727853695,1.0
4c8773423a9e4d0cbf13d58b9185b95c,4.664921159808201,C,2.657160745406018,17.6373377612783,0.011031913695568614,4.0,4.9254794621144695,20.54386335962373,0.319475807725,-4.05047743976,1.0
4ce46d979fa34c68b48bd3797402be7c,6.725382687604471,A,-2.266661348542568,18.07585372078646,1.8668699976877594E-4,3.0,1.9112598272008419,30.139888938175915,1.09727773288,8.23823753877,0.0
4d2500d3706c4dff8e58230902f401eb,9.562329148496032,B,0.9852288477846926,27.365862269418916,2.0178795993764916E-4,4.0,0.31342797074179307,160.4582864421442,2.24025163142,2.68009163699,0.0
4e16f9258aba4d55bddb6786313cbb90,8.112054049614725,B,2.3655264679423365,29.312948985414902,0.30683721028443806,2.0,2.5921841041501503,0.020445404938124922,4.02575416072,1.20248826924,0.0
4e321f66be254e4dbd78b8b4752f4cc5,7.072844325550847,A,-1.1604660314442512,18.859009955833983,2.8956011518612956,3.0,6.476054135220956,12492.80951387357,6.44478988731,1.42327588461,1.0
4e9f4f334ee74e4b9efa392fe150a53e,5.17418210923443,A,1.0685125390304053,21.60967609044158,1926.1341350643615,3.0,2.7241897673332582,5.001003586742722,8.35404395156,1.28367434637,0.0
4ef9ff0240dd492ab9ef0c33a1892909,6.040742038995534,C,2.8324580630730196,28.525430204115406,1476.2428926179618,1.0,5.925840577489998,0.05618459714034373,3.96160237393,1.18977866333,1.0
4f850312cdb64be9acc14845be283e7e,7.595561804232446,B,-5.651660525048138,23.527702662581632,22.108814429297887,3.0,9.186090488696461,0.22527080060750596,7.91683933532,-7.35534451152,1.0
4f8a91ca25fb4da5956df9c1933ea5bf,9.400012838211069,A,-1.46470556211686,23.09860465922349,0.00945407177199572,2.0,9.885450979652138,0.23122473736746252,2.36751283886,5.80558969146,1.0
50f8351969dc494ea5c4152870063298,8.5462889317669,A,12.905868678303394,27.675659478812584,0.013266466468242996,2.0,0.4131606457824877,0.004820822040835462,6.67148137306,0.846740881556,0.0
52becdc79d3d4162b5ca132d26368e29,6.783908568122586,B,-5.961623683433804,31.46782579233996,4.3111259144114324,1.0,5.569072020797635,0.5405526732125514,3.71547069011,8.78515652212,1.0
52dc2266a99a4bbb9f1bd511462eb4ac,3.9396141590547895,C,0.724221980711482,29.918706920541915,0.06061642353032451,2.0,6.010290693967299,0.0010650092492429128,3.46071150915,-3.30383202838,1.0
53728b193dd24a628b709561e34ba479,6.255372669339487,A,8.743997773037314,23.631323958921115,27.413753343578595,3.0,8.197537786043718,0.0036776528006375784,9.55832540508,-8.31154230728,1.0
53744ed18f9542dfb7592598c9b5836f,6.650433260849196,C,-1.3341464438936323,33.03611251187601,4.910593917864929E-5,3.0,6.103247433892039,1.8443162442400844,5.85280482203,1.4641011871,1.0
5418215bd3d2464e82309316bf9ec744,1.0781246713826964,A,-9.320531621365088,32.7512013667696,425.74262921217337,2.0,9.748435605727447,1.0052734548504676,0.293887911196,-5.4886486521,1.0
5440a78aa0e540bcbd9c2c3540a89ae5,5.804292633189387,C,-1.2736020492955382,32.259518131396156,6.495641877548766,3.0,4.279250741358895,565.7389423054998,2.62101457575,2.56765685354,0.0
545469f6096a43a38f90f19183ec7be0,5.909800404958439,A,-0.5091153680605355,28.230214400239817,119.26463373355797,1.0,6.808283333932552,0.006488687664698374,6.23496249497,9.78041404497,1.0
54a388f6cc5e4408847e31f0f9f9ab32,1.7896465284710927,A,-4.849587676011685,28.55124327600271,5.7599476508452065,4.0,9.769205182923095,192.5996691916858,1.33829229592,10.5852477249,1.0
55099f44c7c247b382447b2aa18ceb58,4.265011267408952,A,-5.878637798571428,26.00016263303333,16.811891036601327,1.0,9.100341299479414,822.8661860776878,1.71133497731,1.28086217555,1.0
569029aae1674d5ba3460205772e4a97,0.24113671008621718,A,-5.715085969694047,28.51188769302881,1.6947829883900676,4.0,6.621040530939525,5.271343502569001,3.85077713166,-1.37924819679,1.0
578b81a77608447bb1205d8cb0233996,3.2222905896947154,A,3.35491446183591,26.208108806376732,0.0016295699229334753,3.0,5.677597702409791,333.1489411685704,4.19070384126,0.839357120478,1.0
57bf4d115230486091ed99695e7071ef,9.792221704395338,C,2.1529872506953494,29.41027923349141,0.7795682561765513,3.0,9.745440547282637,3.7178959163724107E-4,2.20691576803,3.0368198395,1.0
57e4baae047a4415b6097d942a0d3185,4.818014520124166,C,1.8848957897229166,28.712888610814804,0.5948270330731205,2.0,4.505499086197414,315.80306962464937,6.02414261867,-6.41596986632,1.0
58235f04c01f498c9e92464c32c7c219,5.389053236430309,A,-2.6451404498382454,22.024767013286944,1.416028416618859,3.0,2.4914788153177057,0.18021362105866945,0.0918462607455,2.61227095309,0.0
587339b0cc564f73aad1b499f71a592d,8.286509240154453,A,0.238982851267601,27.037291080408846,2339.430686313823,2.0,2.987421326122912,2.6424451879808677,5.63289565018,1.84659963411,0.0
589579455b664f3781322b8465fac552,4.986507658794603,A,-1.2041042732450589,23.34821459636304,1231.3872436857052,3.0,8.834123765239374,0.2101990793768294,5.757256279,6.76652648403,1.0
58a272b77ad1440e92fc005288517d9b,9.590045937352714,A,0.7473067368640524,32.37835178132662,0.0017136014754667844,1.0,6.9348037177056145,23.30284840299625,3.39132806775,-3.45173942121,0.0
58b856c1f3194c13ac6f4c78a5ae6751,4.883155246104839,A,3.758284348032031,31.744579877758774,1.5066073170847272,3.0,6.0113088408100035,0.649796958397722,9.41305155707,-1.73272558891,1.0
58ed263276a2452c9cd84e3e1acd5f81,3.857671581560651,B,-1.4233192338378664,23.434892679338976,91.24237617660762,4.0,1.535130878791896,197.32360178991152,3.23741860368,-3.70754099506,1.0
5adc7eb7db364414afaecb0f4a15597f,4.50713125804884,C,-9.782444144456154,29.51167644536677,0.00286607259524165,1.0,9.529381765926802,0.003674376062127491,7.94320782,1.76700622449,1.0
5b0090ec7bd74a38af0bb657fcbfe283,1.4103557844113523,C,3.1911731551169686,32.283149741251265,31.98333522709997,3.0,4.77391029591762,0.0048662057638632975,4.05167319004,-8.78241977276,0.0
5b4ec30017524c95bc143a6274e0ab7a,6.803310216925223,B,-7.094186374060849,27.790511530547285,2.273209225966655,1.0,5.6650708565211625,2.7236756320611795,6.04486384905,7.58372995196,1.0
5b97c0e981c44770aa91c4aae6958aac,2.4521334028724464,A,2.7589134992815496,19.768175607946556,0.8848604613655109,2.0,1.8226626593097073,1.9436150169405435,3.09467350179,0.712826467226,0.0
5c4e5e0976b148ef8db8368f2735e4a7,8.894237611866037,B,1.1647926714809909,17.831781406438836,1.6067663786332938E-4,3.0,9.513413082496044,0.009195164673291545,3.62292820612,3.29804545528,1.0
5c63de9910b54ed8ae2137edac6277e4,7.649284836517898,C,-2.449072443883411,23.099035166839407,0.5317978156795629,1.0,0.98024020875915,75.97686464470628,7.34423712344,-3.66389506438,0.0
5cf163f89e604b148be701e8d7975b2f,1.6287678258618532,B,-0.03159419169767198,21.030142289710806,77.08880829791549,4.0,6.350061211518133,6.138017914371297,8.98325991282,2.23684846095,1.0
5d19628e18fe486f80495bb679dc2ebc,4.446212497914113,A,4.5329364701410215,25.931537958577472,3.927530674180074,4.0,2.9548268071939168,0.20638009318379877,6.59300483773,-2.78612462069,0.0
5d245b5861344e02b5b2ed227cbbf5e9,0.4831969965306493,B,3.294085670228966,22.61159397335534,30.50617659242968,3.0,6.390470604400802,228.68772214792148,9.18441444936,2.98499140246,1.0
5d713ed1faa84307aff4ed78a6ce4874,5.311939670404412,C,0.16135677639536491,29.400035726678137,11.21948811041834,3.0,2.2096106448766264,0.0035872813002263745,0.762467093398,-8.91903347,0.0
5d9980c456bd4c50be4d63fad4a77ca4,8.430626161328705,B,13.307796488366318,17.035734996781756,3.123404933963641E-4,3.0,8.373108506091514,115.30062085008608,1.46868529516,2.3993422128,0.0
5e68a9e0f89549c38ddab2e84d63a3a1,3.6615949556961933,A,-5.64547765778597,26.241693302930628,0.006365685118601864,2.0,7.461621703659727,4.788389384873218,7.39724098709,1.04148645888,1.0
5e778c289ee84e73abe3de0454278b58,2.452031532575133,B,-1.7349196084859062,24.602801622767977,28.54694259196821,3.0,2.099942743785884,0.9559857923917605,9.78887574087,0.351337004853,0.0
5ed113fba36943dd861e360d1c54224c,2.475398572833986,C,-5.753927217374182,27.752668663533868,71.42798308295338,1.0,7.289375972916945,0.0011944316138491145,8.92950147413,1.01153354716,1.0
5f3b93055d37418e86c07047811ad52a,9.07254918835971,A,8.488002388863066,22.727549617123373,19.732655478757056,2.0,4.351380785434758,3.0473272231905244,7.43728240308,-3.19663060148,0.0
5fd4961512794c49aef6bc02802b26b7,2.0863184019953684,A,-3.4598730968181406,18.899879147549505,0.010989952399732321,2.0,5.922523252105191,0.13759236688521204,3.06153234521,-1.63252427762,1.0
608b5fed72054131bbc5f78f96880416,5.3331458050947775,A,-1.8046762399545697,25.924794297101403,0.3563037139815882,2.0,0.3348507301876291,0.46620228978011635,3.85802197542,3.55211621347,0.0
609e4e0bf05c4ca1aa4b9ea239c1fcab,4.871468029909645,B,3.5718309861498527,26.18932352316656,0.294728180469938,1.0,5.968680036793729,3.4948651652358286E-5,7.55214971289,-3.34530913685,1.0
60ee72a9833d47e885357e4b3d17e638,3.804641573926182,C,6.189529591774281,31.664949516417575,62.24085550431844,3.0,3.6661369362873586,1496.0541129226974,7.59382624056,7.07397598126,0.0
6109af5c6c5a488685907ebc4e55e96b,8.018666386655884,B,9.811321599958971,27.220466922492346,3.3267661365252543,3.0,7.117890565951914,1.0887863305919214,7.26583182216,-0.679931363583,0.0
6241b777a9234b48a8a05c6bd604b3a1,9.962370924694625,C,0.7477215304312169,21.42500386323756,2.2422414012572233E-4,4.0,7.124231699998821,10.533472738719952,9.68229823552,1.40368709185,1.0
625346d1ff27421882c2acc8ea3d4b28,2.8209080420427988,B,-1.1515876380999772,27.897633629868412,5.704698379302708E7,2.0,7.568064043715025,828.857902262827,9.79917235024,9.42902160789,1.0
62700c6d85824addabdb2e35d0beb007,1.8307347584788258,C,-0.8580807804654269,20.184796554882986,1.7601860145025843,1.0,0.22053878477290345,740.824056976008,6.49603941157,-9.3539655143,0.0
631ae51a98d94eaf9a88d6e99a348068,9.60727075747551,A,-4.461173831051392,31.400278427732296,0.0019614769196144802,4.0,3.5283098097961907,0.004920199761291001,8.83089901099,-0.00781415683048,1.0
63a37881acd344ebbcf18e4c2df5d860,5.899845260137435,C,3.17815210552582,17.380198994627087,0.004175564890211466,3.0,0.09574280740160757,6.562217983958751,9.60265076674,-6.46587944299,0.0
63b76f4605ce48789f6f0cc672dc40cc,6.854284327731496,B,1.8796654128163532,28.139686062835043,0.7950613080679731,4.0,1.250807161368046,0.05461665535046088,5.41345654934,1.07966404537,0.0
66df877aa7214e6ba78cac1582011701,1.8931284745166943,B,-1.0590485287672458,26.45334361918594,2.030769649847727,2.0,9.268542695028835,1.5174235128664535,5.31052309438,8.97396264545,1.0
66fefb449be04e64b2b884f9fdc89beb,9.97345207948666,C,-3.309580905313039,29.16243486018941,0.00839700362931715,4.0,4.132062388377174,2.417483446899289,1.93113002157,1.19672106985,1.0
67207b7bfc094767b83a4460bf24b67b,7.280428409211219,A,4.1884633507377265,31.41662088674306,0.1435191084113117,4.0,0.5107605353435407,0.17524462956876757,5.79311081457,-1.68168656692,0.0
67c96bd0bc504caba24746537b844d2b,8.640644548904817,A,2.601698143622049,20.535282368777864,2.9429321538297977,2.0,7.043593368476611,0.01897203600694426,7.70416219585,-4.66672605152,1.0
682ea4739b9d4f40a346b29bb92613f2,9.059176984508793,B,-3.2611181829139086,33.429913914154696,0.2422383508911483,4.0,6.821143741092827,0.9897762081375777,2.18519537328,-1.24583473507,1.0
684d95342c944844ba09ca57ce6b7d88,1.779277330685275,B,-5.262341284403713,24.56644076528844,2.98720092890281,4.0,7.581468513980656,0.011551557278331645,2.48365615201,1.0337432185,1.0
68b5e91e8ce849a6a524864fa0f5a2c0,6.1979541487064385,B,-1.5626449258951547,29.7450975628875,0.1881078217204089,1.0,5.0312876628767285,3.7065120524362603,2.46807710308,0.134060214997,1.0
69b61493c2024e6c97a5fe6282162664,9.245537450319532,B,1.1218128155836968,31.576560133113126,0.14681316566377,4.0,9.130236587793796,6.837793872616168,0.358541220977,-3.52895011383,1.0
6a14f3253ac64009a4661cf9083a4f9c,6.4622385685533725,B,2.897657521820257,32.77987911286588,280.5767881651994,2.0,3.581235767739277,0.005401044842241236,9.11792574735,0.62562994007,0.0
6a348ba150214067822b68ae7ee51a94,4.597385597043368,C,-9.641671816064111,17.261757537116182,0.18303478467311216,2.0,1.7183302081111362,0.11558594984887753,5.87313782098,1.17567935721,1.0
6a6c1c5649a74eefb854c6ed3c686a6d,1.4331642909103182,A,11.760556775760332,21.667708106702626,1.3319740229570035E-4,3.0,7.9557376358954315,302.0804850495774,0.314207488726,1.09938449961,1.0
6af6030d188348d9a81933b40c7f676b,4.342758280692952,C,-6.387527512885988,17.219548718103024,82.64694704492396,2.0,8.294351633158689,36.2248219174636,0.727537993883,-10.0668198496,1.0
6b5f04979c214cd39e975064228213d2,7.081357459363124,A,-5.0752381377108104,17.67506091917648,0.004567983988239561,1.0,0.0071554867056222715,881.3464790505427,8.77956213773,1.77454869041,0.0
6b939eda649f4335ab401c5a879f8469,3.517358843490186,C,0.8462762121388256,21.48796129258998,0.004196463965716161,1.0,8.655593365374427,5.055100255021196,4.02739186896,3.74861834762,1.0
6c310ebad9ac418bb8fdf9cac7733758,5.4645665514213935,C,10.081718574161764,17.15785642648668,2.019921518674665E7,2.0,5.865470042993301,0.5388711217041283,5.89199858682,9.47567266251,0.0
6c388828c88d420bac2e2984aa146a80,4.36208063090501,C,7.80902579889991,24.53021690353078,0.11982599384257386,4.0,6.827571355695101,1.2105767064446358E-4,5.16934069636,-2.76485651085,0.0
6c624edce05b403394c5119ce033a22c,1.6601165293943065,A,0.7847866910526201,35.34017135628871,123.2225363731901,2.0,7.602539030786248,2.1301316264181105E-5,4.12664099733,1.60735054499,1.0
6d05114c85ed44b88c5b107d6c251dfa,4.4639414356331075,A,-2.0522354572683614,25.095305328865305,1.200658497605364,2.0,5.097892679306893,0.26803410585023024,3.56666813134,7.60534177387,1.0
6d248ee453734a11ba992a1ea27ce35f,8.139118251040216,B,-2.8377569522715684,17.84116551188602,0.02621665664764875,4.0,0.25530066818237107,0.010332960102200488,5.75484555818,-2.75528856631,0.0
6d69713944804eb3a7667dcf0bc7af1b,6.8358763052191005,A,-10.151310370263825,19.2305028151532,432417.16963058856,2.0,7.860126308423082,261.58859903264545,1.05388875425,-2.05299656346,1.0
6de9260d624f4a93bc74a1b0e8447b88,2.341674560796161,A,-1.6529306238457973,18.699567846228238,5.114811241591162E-6,4.0,5.546832717938973,0.0032351174118856354,0.541280031903,3.94902280535,1.0
70651448b1cd475698720899e49926fd,7.48251304458169,A,-1.9732996405003012,27.992315959851446,0.5217414729856844,2.0,6.4286589469181346,0.052880714735163384,5.13424049491,5.3130419927,0.0
716d6601f1b742d49b87f61938d41359,3.5599769163156036,B,5.136465408104662,22.57272435414575,2.5076798261472044,3.0,9.629160723302473,51.02897678933137,5.20620156854,2.26593497838,0.0
717992e2e0e7497aa8937cc9d60f9e9b,1.5150909429670412,A,-3.2480270417161607,31.37459410515956,0.30161537244858244,3.0,7.793240639376583,7.548166219767628,9.37428121921,-3.8363109829,1.0
73917f2b15d54d51832efb5a2a8efc57,3.169152589732839,C,-0.3978454869847911,27.488502936737838,5.360568173363834,3.0,3.1000497190254794,1431.7344915955014,0.44303266854,14.887758615,1.0
73d2daed886848a082033bc62d184c8c,5.026132272033976,B,-2.9333983183464856,27.937070352803595,20257.17406791017,4.0,0.1503314875711803,0.7232160750116156,5.08646342564,-0.380631329023,1.0
74146842f5f6470e9e97407de92b33a2,0.5309327862605528,B,-1.419954163166734,29.436228627261958,0.15333563715089388,4.0,1.4604718813767037,0.15710886325934809,6.29929058999,0.796800055309,1.0
75061d194fc44d629a729c0d0bca7aff,0.2240912696963715,C,-1.2670077251666225,30.54378800654082,0.6977403212468509,1.0,7.703795352861097,4.356658321675484,7.27822376864,-2.35673010935,1.0
750ba9d482334aeb84fb1b1e8a3d46aa,9.54071428733629,A,-4.371645393416401,33.207057584568105,3.5405852246544205,1.0,2.1289132279753264,0.002432632678102443,1.57461815673,3.32742062974,0.0
7701629c3d6143cf9b378879b7119023,3.109663909028433,A,-8.000282763997538,20.25010556800053,36.288161624788046,3.0,6.329308430500236,0.4921174785544562,6.32812956738,0.871736121945,1.0
774af2c4b47e4135b102b1d34a612205,4.72073466091508,C,7.202255528046449,26.185489082179956,0.5198688690065758,4.0,6.649265208086543,1657.2254715577772,2.49262520391,1.15405812288,0.0
791faf5647444ea692c5f23ff990c79a,7.0462025379049456,A,6.172191189260955,24.871781882223043,0.027164758675735125,2.0,5.841691768173,58.46183140672333,7.32449208089,-6.38227451909,0.0
79308cedb62447578b49427948cbc4ef,7.975140359215363,A,-6.898120286300408,35.146231955614994,6.898688787956198E-4,1.0,0.8700112461591736,0.007203059491473583,7.2470423246,-13.2639144323,0.0
797a504b2a104491b68b96b43b23d3d6,6.099523584432096,A,-0.9446736573533338,21.101540458546534,16.00360314713964,3.0,8.81057887225238,2.5737731258964915,8.40123497501,0.927811669947,0.0
7a077e408e7c40a487f8c59d9ebd4295,4.6604042509409735,B,5.1577102708966995,31.359383154344215,0.1341476168440803,1.0,2.729568835682371,0.9476218910881536,2.57779792855,-2.43360332322,0.0
7a2c230d75864d678d599dbc8aff5eef,3.194118835860068,A,-3.519049362515219,21.443519580556487,0.5549494479918066,4.0,3.47307727778424,1.0653875879502828,2.68086056403,4.5566905055,1.0
7b201a79d916431c8a76ee435f9f0dc7,6.269621208977813,C,9.298744207081393,28.376517232214187,1755.7078407324198,1.0,4.679065902361924,2.375607870162536,1.71967543937,-0.369093728963,0.0
7c5bdcf0be21466b814c3a1d2dc56ad7,3.575977529379851,C,5.659576749989524,22.414089255423256,27.23124554055349,3.0,1.7110467847387067,2.4839230728707854E-4,4.76294237086,9.88977807849,0.0
7d192711070540d39752f646aef9fd95,3.7802777367146225,B,-7.0794461219812055,25.21892494342779,0.054682269970430644,3.0,5.958579827309908,0.024734914776710415,2.4211269027,1.81086680672,1.0
7d82c939fd5b4658a1f81d9d7b7725c2,9.016860137461952,C,0.08478192441174612,21.030449359911184,1639.4625489428017,2.0,8.742338036484528,3.4712333593053435,1.15775111951,3.24590926446,1.0
7effeaaff59b47e6a4596266faf9a472,8.306332247401942,B,4.994464972679188,20.56177562525764,107.54036615446026,2.0,0.04661865676979016,334.9800402663382,3.53368260861,3.15248139681,0.0
7f0aab50bb9346db8209fd892f8088ab,9.591061214301085,A,0.3270849192078809,24.7300380187612,0.007162709977802715,1.0,9.306871073284986,11.798340624786935,8.54512368644,-8.23175060115,1.0
7f3fcff932434483acd91615e5ac97cc,9.360265048768998,A,-0.32458409880461625,28.60553398268977,3.270132826354037E-4,4.0,8.5087722455904,7.4733147511683775,6.54733006038,4.38025987802,1.0
7fb1ad17337f437e854856421e4bf0bf,2.418585903623831,C,2.7965244202303423,26.43729177188129,0.12073366243438975,3.0,8.232603175827467,5638.960381086808,5.7509449733,-6.34144233874,0.0
7fd40663abf84e63bac727fe7ea1396a,8.056281945207527,B,4.844025730274567,28.91289131305229,5.275273573356277,4.0,4.476215844097551,0.15597067986577504,1.99149806662,-6.79805674513,0.0
8011788bcc9b45708463a89162aac05a,8.728184630622643,A,-1.4973632128486831,33.71665505514332,6.266608294626045E-4,4.0,9.603098977714852,20257.995229945784,0.199194501884,-2.36778575522,1.0
806117f773114d9aa5a8d381a4371985,3.14745639462814,B,6.288419190838459,23.123817087860623,2.14796708756215,3.0,9.075814685412233,0.04733927245732578,9.8571610892,0.216419331035,1.0
80f362dde41a4e6095f4d2e537049eb8,2.5737327430794013,A,-3.81471438375311,30.1789869626581,0.016248665026947395,4.0,6.617218177683157,194.70787633496923,0.628927487875,-3.50891338548,1.0
8117b6c75f164e01bae9cd66a51f95be,4.18955964929687,A,6.665545440775496,27.207433370028753,0.15996022351697645,4.0,8.534346583100117,519.0209229220409,6.38229805802,1.73810246672,0.0
839ba0914d224581acba11d7af8f621a,1.6560370240318878,B,-1.7101868606521717,26.935674334196246,5.994120092570243E-4,3.0,7.518167562959838,5.936407898650075E-4,1.62362509359,0.463757283895,1.0
83effee45ad5474fbf00731c73d02c28,9.829364588013053,C,1.9759714693126718,19.11651613688117,1.154570284064207E-5,3.0,4.461429783094086,20.726305847310485,2.81382252602,5.56957682274,1.0
841bdfcdd6fe482eac9ead2fa5f87647,3.2046714377573715,C,14.374217717724616,20.359748916614848,3.920519137056633,3.0,8.906548413188688,14.918859231150233,8.06643913441,-3.4288301112,0.0
8429bc8c665d4918a90417bdaa8e2866,3.6578624232238575,A,0.7852711964477831,29.259906873613772,0.017901830458187336,2.0,1.9772860668163972,0.16520228747336352,5.97107229086,-0.289130101096,0.0
8445345ecb324a16aeb4834aaea283ad,3.5947786276673144,A,0.13465003314221352,29.58881715740063,0.02395003635816677,3.0,0.7876132088046872,80415.0939694707,2.24447951503,0.829190138435,0.0
848005ef754a46ca8afb10398fb6223f,0.8425931011521615,A,4.178668704227865,17.969669186609885,0.012500988026168468,1.0,0.25040388416859516,19.200466290100472,1.49671508357,7.35874564554,0.0
85f0a5d1309b4db2b0952c88cd45c33d,7.793786180970653,A,-0.5684553764317646,24.63286343896683,4.333063076069235,2.0,4.380010971472767,1.874516206588128,2.7527287145,-9.02029368892,0.0
85feb2aa1c8f4144a9b6a6c4d2b4e545,3.7230337845840147,C,2.90724148931009,21.137096832449913,0.21499198435737632,4.0,6.337262089640717,3.029929866997955,0.688074406141,1.69694550125,0.0
8643b29f7e284b82b32b721cfd54bcda,7.135929374606737,C,-6.27589866624178,24.70637945796352,312.498162073322,3.0,2.5435053751781345,0.007522214739753696,1.0521645495,-0.605752317166,1.0
867ae14a1188476c82a7fa57f2ff8b9e,1.6372499260855966,B,-3.079600695963698,26.58229359704971,0.6650800000840308,1.0,9.042247240423354,3.7684766559912357,6.11700142047,2.8172613218,1.0
86c0fc35b9cd41d6a47bbe2f6249bfab,1.1206027415844433,B,0.4725567679268138,27.627577129182363,0.02806908793404193,2.0,8.822671407084158,8.234715287714819,0.106455659016,-4.55792153861,1.0
86cff9d246c047a2bc57cab3ba73942b,8.32796309618582,B,1.173008641439209,27.16716688907424,0.06636081092202736,1.0,4.606359436129095,1.119474166593683,2.49193374893,-0.588110380602,1.0
8725d857c06246f6bb58f7717161b2e9,1.831632244248943,A,-0.49220427594589444,18.746697759166672,0.37315405137257274,4.0,1.4366573129623772,2.506038006204025E-5,7.05664761781,-3.20819560117,0.0
88e5f411a3234e9f9295fd3fd69828f9,4.067060694549291,A,7.171868298488836,22.100684908167153,0.1614753897090394,1.0,9.319946349740091,0.21100802255396858,7.85022395449,1.01166548002,1.0
8985ad5d97204b5f8a251ac53fd52c56,7.4618096411806185,C,1.4919172823453533,24.74646825387569,0.03016751047771649,1.0,1.8205606962479903,0.09878645359768422,5.62720113071,-7.11324813207,0.0
8a2b99d0d14d44869b0b97f54e8427fd,6.467822735393184,C,-1.677829786009101,18.541727965184318,0.4832375428353824,3.0,5.906324339155407,0.3904813602232498,8.31175272084,-1.18039724591,1.0
8a3cd13fb7444aea86c2b55e2d2bb875,9.45575450408413,C,4.190359970183158,17.986116088349533,0.21583460948811284,1.0,8.769733283535713,59.1274890513553,0.541765726748,2.72316316933,1.0
8aadaf85ce6d432e8e6a951ac360c3d6,6.631380684239931,C,7.841910633410305,17.7594744330598,0.45742964341838677,1.0,8.289960980254486,17520.387524851656,8.70844698369,4.47176701864,0.0
8ba03834b4604300b4a628e1b91ec76c,0.44201779022322585,B,0.47745765058010375,29.63298127809056,0.006730775966476978,2.0,9.606113973457918,2.7847914653113384E-4,2.51323374,4.6917835972,1.0
8be827210b154a2493ceb5c7f394d331,2.813946251538476,C,-1.046042494297978,21.05894517346464,9.908684562432565,3.0,0.3495980000371923,13.3914685012832,2.0503991148,-4.96974688076,0.0
8bf031872e684bf9b816d1ac6d0e31e5,0.49398218833446084,A,7.089607934721085,27.482729441633943,0.6798060249842885,1.0,0.107851667751514,10.345156432607576,7.97322664017,-4.24264497255,0.0
8c1a38b8ccfd411d93394b9472e085bf,5.112831903441143,C,1.4031350153983666,30.854353738174446,1.7251269936895406,2.0,4.63373913670271,1.4463124890749073,9.72991091037,-4.67668088822,0.0
8d63a5fe62644a8e9cd3e2aac30008be,6.256091151500053,C,-1.4883496539880676,21.842416137725987,1.1190942352967959E-4,4.0,6.983580274076963,1369.0934036781202,0.146427715874,1.49862654704,1.0
8da0d7067424411298f3243d5f0b1d82,5.644377736007802,B,9.221709074761215,30.29032042758412,0.21170744926335797,4.0,4.146693519484913,0.005894934870246901,1.6981441557,-1.05755467887,0.0
8dc0015334cb4d49836bdc30a0d87ae6,0.3898599281855697,A,5.095016479947827,20.500371645683696,0.3936541341613762,3.0,5.466443015879737,0.2015308651999421,5.88866501315,1.39622175567,1.0
8df7c3cbc92b43d59ba79da6ac022927,0.5538332496823617,A,4.950020239871822,28.8921898993628,0.06382840910478012,2.0,5.042803083692895,4.77308867444628,5.66623624345,-1.09783456821,1.0
8f07a01966304912b871cfb436574892,6.337220419514299,C,-3.9058623855082555,27.96211049511906,0.10025489030690364,3.0,6.310880018429385,0.39409636530036346,3.79593696401,-2.4064640916,1.0
8face73d33ea4abc98970c2d3b5e0bd5,6.572146814326584,B,3.605965711731935,24.53749489812167,4.413444119727984E-6,2.0,2.474090773361092,37.72496584253831,0.948598582041,-3.14053869034,0.0
8fc46a07948f47dc924364c911770b64,7.453153644646301,C,-0.7210453207228027,26.78228706714111,1.7245724718792963,3.0,3.6787197912363356,2.736757170195898,8.39375927826,3.75667331036,1.0
8ff874d167d84436a44be9acf4b2be82,4.382671335809956,C,-3.9163587034864076,22.92587763562415,36.4612055386958,3.0,6.379179218036983,11.938507229980225,5.47808469322,0.408823540834,0.0
928a3a5d806a470c9ca186e914d19a3c,0.24518014570355295,A,-1.232774236478777,22.125030626247096,136.90027883056706,3.0,5.562212302508971,0.019543758709218838,9.90586492707,9.1131186575,1.0
92aa2256be65475cbe52ec8ee1fcc851,2.6827817745549067,A,10.119948654637982,25.66834772630549,8.710793136777995E-4,1.0,1.2007920586751786,0.481937854249472,6.84496292112,-2.20730217354,0.0
92c571d7a9df4e209e3bb7c4f09b9cd8,8.15691081865944,A,4.271578619161165,16.34003925103963,4.619464462072148E-5,4.0,9.340646080826692,0.5769820980047781,1.62362593579,3.53827793836,1.0
9352246934544861b7d9a2c6dc866a23,4.041554863254353,C,1.9939966564417761,30.6308248763222,1789.59639757189,4.0,4.733895281774911,0.28807801881754797,2.68553488668,1.35722502652,0.0
94286bda20aa4cfea50f1fda591413fc,1.309098203705371,B,-4.018971786116862,24.49342416025139,6.222380662721324E-4,3.0,2.9414640768875797,2569.0232215267697,6.85599040227,0.566808014134,1.0
94aa378202d042d1a450f95543b6f176,3.741144837600201,B,-2.221394399310492,20.241381782268483,0.04394577236039657,1.0,6.3888207058319235,0.36445749199220706,7.75238195585,3.75666730321,1.0
94cf97ddc518435da5c3230abecc4568,4.133581671260408,A,-0.06808142631145092,25.18297489329031,0.3655562183822371,4.0,0.16240864316218517,0.1273584825648685,0.86078407503,-3.28693349614,0.0
976bc149d86b42ed8649bac671a95391,2.353491897632672,C,1.0996654872754839,20.18063616138039,0.07576474698033003,4.0,3.9627664933484095,81.79578750960573,4.0232634125,-8.84732106028,1.0
986b13353d5744a9a2498f1679bed177,9.990958834024655,C,-4.243534016683572,24.70644030290607,0.008417718682695991,2.0,7.240673132885755,1.1393175324279372,2.00371877973,-7.98457795141,1.0
98852c31341745bc9511bde37da7a6a5,6.372902412814202,B,-9.609015924705131,29.13370094258747,0.010316193422358982,2.0,6.944149211569474,1.8816272842503762E-4,9.55227934464,8.38769348575,1.0
98dc1ebe324b44f0b58197514b7f13a7,2.526908484699908,C,1.2524841558283275,30.24082502188953,3.7463328527985094,2.0,5.09541501203973,27.473281373475924,0.596428403775,1.1818858344,1.0
995908f1b57f4523b9222a6ca30c8d2a,5.029638858757192,B,-9.278847501271352,25.644298737039335,0.0019782043013269533,2.0,7.996684493041598,163.3479750520493,5.51770853039,6.02531964252,1.0
99d3c416c3f84a3c811bb31e7fa16453,2.330352655417461,A,1.8449785748785896,21.777446108373027,0.20419820692654084,3.0,9.73990750138805,584.3135115224162,1.49385259999,-6.9510913635,1.0
9a0824f2c0cd49208dc8a411242def81,8.63342957558367,A,2.305310605053463,25.405154670149464,0.024935722825744574,4.0,4.637591715105346,477.2697102873795,8.83586885909,-3.77946072318,1.0
9a33e941fd3b4fa482f43a2987971bf9,9.811068115138678,B,-2.336380050473422,23.72002218935893,0.14428804593710437,2.0,0.28456620151537826,2.5341472542206986,4.35785481103,-1.25354292447,1.0
9a5669bd44604feda425b406d0509ee0,1.2977688835406187,A,-7.022529520625891,22.045454169158653,24552.09151283259,4.0,4.620375892032267,0.7252916304070787,8.33819119405,-6.55533751906,1.0
9bc0edf9cc5c4a84b1dcb06b6d3980f3,1.279226009251645,B,3.4578084011113157,24.64826084020631,4.296487562824342,2.0,0.5477898847873774,52.16321691993671,9.60963314323,-9.64072604583,0.0
9c250be508784a828756ee6a5451a2e4,1.8359550738827046,B,2.3182663583920142,39.390583604922114,0.11202990963049014,1.0,6.152867738676177,1307.4910859214563,8.64119045113,-2.50965264611,1.0
9c36f08ebde149aea3142e57f961a512,1.1240163781636359,A,2.976925903573467,24.07946012226712,0.024699972517541777,3.0,3.793248249437835,106.9728079474206,9.43895555644,15.1298912598,1.0
9db9a8974326487e9c8c37a61b856ca6,1.1430358656119322,C,6.212954312358145,19.65104772359003,4.148839513550267,3.0,3.0465759052567454,0.0016456956519501683,2.9939547774,-1.47917691484,0.0
9fddd8dd59004cd9a213e2dd6d0cc7c3,3.230907224641645,C,-0.6132461787204495,25.874421827464484,13.36421853026415,3.0,9.71677669378867,2.337079546753849E-5,1.29556464127,-5.94594640028,1.0
a01f20b3fcec48a19948cef87bfc8e21,4.1772891550320255,B,-2.562742127479632,27.236922816247407,6.161655327056766,3.0,6.627120608028956,30.156083135328483,9.7012675984,3.09302907932,1.0
a0bcd2aa49374a74b8153ece46b3fe08,6.177094605269845,B,3.0472086029255014,22.05462359218876,0.28351212024583694,2.0,9.005472334496272,0.038661250712774965,0.519102744349,5.6265588666,1.0
a14c02d8ed0e44fc873bb5d34af5f4ee,0.8028335116033014,A,2.075022444399774,31.9750780029428,9.60959027284295,2.0,3.1884063375123772,1.1297541601841457,9.55184116731,-4.0361883297,0.0
a16d9889c98c43a2b4f177d78ee216ce,2.2755833228722624,C,2.598628546357062,23.83686451789672,1.096582209803492,2.0,2.42099815370893,0.0012636167667230097,9.67216829869,-3.30841351774,0.0
a1c4db6ae527419494d397e0c4ab7fd1,4.503128691831327,C,6.1866169887675735,21.45121256178744,0.0011715273960846363,2.0,7.944020371662975,1.825590555714775E-4,9.93721323238,5.11026465812,1.0
a269915e3ee54e809bfdfe180633afa7,9.951790151568268,C,-4.7654811508418415,24.311703459420645,2.4483232123303793,1.0,6.258723023102366,0.8781240073474088,4.46659852526,0.303462521073,1.0
a3f80df1d09d41c68782dca1e0e43281,6.454486532788884,C,-5.493917017317901,14.572345138752528,4.416810541133011,2.0,1.3549936828115805,0.31628118187102483,4.36823715968,-3.43975747358,1.0
a4a36dae6e974c3f83984f2f21652d84,0.8315623217545709,B,0.5704179458569127,34.27586862819066,0.21238276218740992,3.0,1.7931117010919728,0.0014913274182857443,6.68068599475,10.0086620239,1.0
a4d3e8121abb41d3bcbcd005d6527133,5.506370547031615,A,0.035113690552821174,20.930710728517024,0.3682653936593788,3.0,7.8706138833432915,8.082629420245386,6.12315203196,3.39048130093,1.0
a5f5cbb7ee604aac95795332056ff405,4.677728375320629,A,6.343746057125683,29.13186102523415,19.692033791807976,4.0,7.361389259137958,47179.02999988108,1.2839859368,-2.43992417032,1.0
a6b3ce5b94594ef289afc0850a130d25,6.663873673887991,B,8.179994013203519,25.931273648256457,0.012565176043843117,3.0,6.702054091430917,149.95067265202172,7.30677507647,-4.68102676628,0.0
a6f3c1cc45ca44e5b4d6a3849969d094,7.574706335826579,C,8.54464212267756,31.01544902382006,1.1499390045362585,2.0,0.7047956956764123,0.11549945091632018,6.63163116419,-7.10583123124,0.0
a7548f6942564e5292a55576814dc844,5.683815311345275,B,0.17198834226901455,18.573134178592092,5.252528015997725E-5,1.0,6.231500448573137,5.878531752030895E-4,0.92901333195,2.27547761379,1.0
a77348fe136b4956852cd9a919a888fe,3.3529184561629988,C,-2.302043685076291,25.591976919612062,455.24520938322917,2.0,1.9913789264935478,0.1536975875192805,6.74461149189,-7.162871573,1.0
a7f1c14269e240d7b5d9517945b99161,0.14246927386544983,A,-0.09735138936979396,21.870065484765988,6.852173523667741E-4,2.0,8.667403171398197,0.06287703575375224,8.21257397798,-4.67295073071,1.0
a97dea07ed1541769d4ccd913055c60a,8.328271996946453,B,-4.896268422197243,23.094475109523405,1.6299189542122724E-4,2.0,6.551944920341661,8.860920659907692E-4,2.01161430221,-2.82135648782,1.0
aa112862b8fb4112a0ac13591d19dd64,6.884005178787616,B,-7.396544608380461,26.27320189145501,0.004292977994087693,2.0,5.002395593128625,2.820980363069974,7.7613204363,3.02021307862,1.0
aa3dbe13d97449f2b4946254a5b25cfa,5.928253636841813,A,6.031074278690962,26.039695008657183,0.28510321916000475,3.0,0.2337209940618845,0.3830851952912979,6.67588297418,2.40456638781,0.0
aa6633c56f4f4fac9eeadaf67fac50f0,3.7421045746447943,B,2.85664769894211,17.346494388808846,0.044756645254764124,4.0,3.9145285372640037,0.9885834072006514,9.11042489926,0.563761528031,0.0
aac64e35b02044ab8013e2acc8d8f218,8.894074188656814,B,-2.711414841739303,17.248255699692983,0.766246462244195,4.0,5.603130627136452,0.09858191163194226,5.47430122992,3.96726895266,1.0
aafa05fe71f6449c8d3c2803dd37a48e,1.155059971471536,A,0.17680212676019033,26.362038196573817,0.2402034301487603,1.0,2.914611940240295,0.17273549706001054,0.293753105783,7.90106596681,1.0
ab4a1ac4d47c4cdaa11d127ef7b6990d,9.457875752234093,C,-6.731506283316188,15.257168042828042,0.0206929032716823,3.0,8.651100403343925,0.00773523693628616,6.06179829829,-4.53954340083,1.0
abb03cc870dd44a986a188a4e8424363,7.89954795983046,A,-1.8323607170873066,25.325876022930878,0.0018563818150092014,2.0,7.619187558822906,922.6174601953626,3.71601124955,-1.0946908019,1.0
ac467a786083417dab4e4f05489cb4a2,1.0322161764779725,C,7.547632913833228,40.01626671159841,0.09228196801610222,4.0,2.0188785705041368,0.3341543154411765,7.65637002042,0.417998523261,0.0
ac4ac6b0ba6d4194989919f9ee97b103,4.7348075701627845,A,1.608800230739713,32.199422668079286,14.303154661161177,4.0,3.283886162794687,53.768686315261085,0.769256348269,-3.41136213637,0.0
ac5e79adb1704a14896af0bf010560a5,9.737130380100913,C,-0.054369027386791606,29.3059092022701,0.011360072115192917,1.0,5.453752396935867,7.028858425668318,0.411948057683,0.419063897111,1.0
ad3ecfebd05b449d9e4f499d2cc71134,0.4256408719945859,C,-2.0228579636923936,23.238909214541607,4.287894119951396,1.0,9.78021033277884,0.050149650930703234,7.68295997997,4.95375809739,1.0
aee548354c2b4deda617af75141d4f2e,4.088160195476485,B,-4.03510320095813,17.851168056499738,0.8113568193707578,3.0,8.919413673912954,14.160313077504899,1.28979437366,1.2916883441,1.0
af4059ce18ff4e2385ef79e283bef4e6,3.050593936149598,B,8.673898955844635,23.315468187330357,1124.8551839234399,3.0,7.030714465082104,326.6460385008375,1.86335673372,-0.235546584392,1.0
af4c701bada94a2fbfd665ffe2c0a4bf,6.039076522759212,B,5.100747040462425,12.246887415367553,9.79105645709235E-5,2.0,9.72582068384092,152.06098604121777,9.64206098578,-2.40433357415,1.0
afa9ff0ca945484e82664267aeeea527,0.986934625988577,C,-2.8266003554724546,28.862464498722584,0.5278398465184534,2.0,5.10904701824896,22.155162321406536,3.85222789256,-3.03118445377,1.0
afeed22ffdc248d883577ceee1be90db,5.418471050829811,B,-2.431945549987591,24.01866013076251,0.1861637491604492,1.0,4.080948821529775,10.297902509077614,1.95975892718,3.99639318676,1.0
b06d9cf3e1c5493ba266c7632d62fd84,0.1887673558295455,C,1.9965143966635521,35.6281996013385,0.008408320700162753,2.0,8.541511725637513,4.027564413625815,4.26564995936,1.10333284659,1.0
b09c3ef51030484fb3ec019d9798853e,3.4979331650690213,B,4.037973839273152,33.18284228187887,28125.967633381704,2.0,3.3826497913484888,2.370672245272874,6.11878716142,-2.76996640612,0.0
b0c243cff579404894dfbf6bd287ee5f,7.555889201907238,C,-3.7692028027010025,27.301089256720882,0.04833926833837207,1.0,0.8731428174870304,0.028028561882777817,8.07585540856,-5.39530058853,0.0
b0e7e905001d4da0b6e290b902bacb33,3.8589725276558653,B,-6.110514533089485,29.461812111593588,1411.9984959557112,2.0,5.219647895202191,7654.887748446106,6.58673407736,2.70321618592,1.0
b1b0bd7ff27d4d79a81637851e9bb0f9,6.880390418568577,B,-3.551063270670473,16.86232765704528,4.968698295322994,3.0,1.0098840939500797,0.6425860414429219,5.25566326265,-2.64066288835,0.0
b1d394ca59fe41c0b8b22f00f06c5a23,3.0303524234397496,A,-0.7352689847821804,27.95476546497645,0.040059417480536284,1.0,1.8734292993439627,112.03881719779058,3.52429913278,-4.94572796146,0.0
b202c49633054dfe86b993b19ef2cb4c,3.253582551619022,B,-6.311755012214299,26.692719846924653,0.15715060415647947,2.0,0.6588537430791963,3.629988088843584E-4,0.251778347349,-8.38755993693,0.0
b20af9cc257e4bb9803365e34f182f93,4.963365395590337,A,9.393389720905734,23.37594953027587,23810.567807217216,2.0,4.791320852653035,0.5024993287174936,5.63394546834,4.67646108683,0.0
b2a133d85777438bbc429d2ec11b4891,2.497906800412565,B,-5.163680203417028,18.328730645570435,1.228990201045924,1.0,0.808854170878125,5.087536918419432E-4,3.89138818317,1.92311502945,0.0
b2a84264dd634463a6327c8bdb58e9a9,6.89371626190624,A,4.618931804172892,21.104548683702017,83.3768870106732,2.0,3.1693091160608136,0.046728333250895954,9.59863699557,-7.81131428189,0.0
b322cec59d1d412a99557ccd8c1da44f,2.9668416459302493,B,1.969091262567515,20.134579484792987,0.015980970666855904,3.0,4.530840798476929,0.2385715807928987,6.60007979449,2.62747812324,1.0
b3bcd2081985461d88724abe7175f0cf,1.7069412816143448,A,-3.574509774058028,40.56448862710033,23.45143039197762,1.0,2.3562492775612345,0.017557792173886262,1.730901794,-1.28325014791,0.0
b3ca7cfb385d49fa8c83f735671b87a5,4.258107794049874,A,-9.191593978465901,19.19716679282259,523.8392357459408,2.0,5.795019094672304,22943.37617953952,2.31803288661,8.86313836428,1.0
b4ed7885497d49c6a3eaf247b6a449ef,0.05680248599668314,B,-6.576911742741615,21.102304197703894,1.2865961446932426,3.0,4.747872352167183,1634.6434975876175,0.629443795565,-5.75719149606,0.0
b536a2c66f10482f82c0115300fce902,5.133609212915924,B,1.8141514459306025,26.198767324268992,17.96339023811475,4.0,0.4538959382462471,4136.64243305606,4.59293851466,-7.39862059971,0.0
b57bff56a78a40b9a13b982cc6c78752,9.904868167794774,C,-2.7517085104282994,29.88461996266016,0.018355373308741436,3.0,4.614749330385055,19.787036620143887,6.77515048846,9.47431964184,1.0
b61630141245426b8f1794c938e7a0db,6.225600518520275,B,0.9702134697310849,29.652146679495257,0.02461143849026172,3.0,2.204654807589599,0.009361104009488974,0.308931132016,0.257338823597,0.0
b67f5e4f8c4748c88461304b29d062a1,6.984542065426944,C,-6.448336632842507,20.533988191232055,1.568491908845178,1.0,3.4838939148076244,176.46231700541543,0.554987073215,-1.93164839346,1.0
b705d90598724ceeb0b0480e41727639,0.7216496907455994,B,-8.813549803300248,25.725049357513228,8.138993877704995E-6,4.0,6.468093932369767,479.6864517156408,1.5287257237,-0.00328333093147,1.0
b78118d295c049c7b4ed8ca1373fab5b,8.771990606206137,A,-0.32826462330084616,24.751908759855564,0.644344139267063,3.0,5.522016911244542,0.8766433498418484,8.48428388388,4.64133708672,1.0
b8483fc890be41d7a16a33dfd81b5128,4.700198388300688,B,4.113022518019502,14.555541796367331,0.36262250450755945,2.0,8.563953559117307,19.73999888617071,1.27809721879,-6.99448414659,1.0
b8752eab87974626921795abb0b0335e,8.158817851343105,A,6.44064412304581,25.433956493239215,3.7843770528344473E-4,1.0,5.374509963255113,0.023702532434107654,9.80861635146,4.24431775212,0.0
b8a767ee20ba4f89a27e0e9071a59a5a,6.862559769151558,A,-6.7324246322375645,24.375853329050823,0.0215746746676382,3.0,6.405250679279777,5777.151176415796,4.96377237003,1.36050949523,1.0
b97aab438c124f82aa15bcee6fe50762,2.3878535692430045,B,-4.936311047076961,25.274608549291237,0.23020898442445767,1.0,1.4263562211511627,60.55578913291309,8.74333057705,-1.45904249437,1.0
b9843a89a33b4f0caad2ebb508da36c1,2.822527730257507,B,-8.712060399055904,23.344157530788138,0.008937288025035097,3.0,0.7331549644302349,0.004861891297020698,7.96688419283,-0.744444755744,1.0
b9c9ff1d45b649ea9c9607ba5d6dcf1b,1.6671762584889682,A,2.427847383268416,27.511985886696575,4849.684904321945,3.0,3.5373273910536374,0.025992597136395762,6.01749789639,-2.0260076586,0.0
baacd0ba59c24cd0b49690837f93a51b,1.6426960276698854,A,1.633105666722405,27.923592292418718,27.90885461681492,2.0,4.439610833092526,7027.137087467103,7.66647029365,2.74129878416,0.0
bac6683e6c2947f88397372b0c8016f0,1.5683480949309947,C,-3.136419105613226,19.81475204854766,36.348256357791904,1.0,1.1002901884545202,0.39260389070603385,7.26227371221,1.93590866227,1.0
bad84209a44c49b79cedb24f08a7e51b,7.930914745460961,A,10.65643066985611,25.624916168234137,0.004372353502152071,4.0,4.950053801331452,1.5703204973315523,8.53725667631,1.80998667336,0.0
bb6d98c1773a461ca9e4293c697eb4a8,5.064752519926866,A,4.585911596794673,31.3930157408381,0.0029153652154728007,1.0,8.410261505138386,0.0070610165699575315,3.2000908262,0.230753569257,1.0
bbe45dc3b76c467ba574b0b921cb5439,3.201723358299299,C,0.9804686314133465,26.819846730873927,1.6080233222305382,1.0,5.679042091445991,0.0035920891258174894,1.17510612682,2.53922187551,1.0
bbebca6501d04e0fac2e7916d5f0b293,4.309321812609454,B,1.5072783596077581,27.553623230979845,21070.546508174888,1.0,9.980458958220467,0.3359379225260154,3.10809623877,-7.60779148632,1.0
bbfefbb17f134f07b323aaf192d56d97,3.28486692315309,A,-1.5663410932056887,32.261154193511075,109.06449179993459,2.0,7.392285915030866,8.677659922831706,0.903813921746,9.06300985755,1.0
bc39f1d6e53b421b84b22d1e96142333,6.628344116286985,C,-6.695455170782742,26.969961742354673,0.3959654220502755,4.0,8.80724999695241,0.2988763167083045,1.22959223259,-2.79365112165,1.0
bccaa4322292422781d786234a161179,2.0543132001091715,A,-1.55948084518378,20.821204086350868,7.682277101954777,2.0,1.4417161730769357,0.24710876179956315,4.1831286792,0.498574114642,1.0
be65f43116204679bcfab6b08bbab2b6,1.6176412833714704,B,-3.1146678730192296,22.77197756423898,780.9099267131752,4.0,8.462368571161257,0.011563178323334602,7.54237970707,-0.342166975476,1.0
c07f6581e8144c9eb27559cb3e8a1b1c,3.067600070260185,B,4.340449045885296,28.129904432044512,9.432130499322357E-4,3.0,3.258496461430631,2.214679194816176,8.31359361092,6.68645528512,0.0
c0d32f8f9921489b937db14b02caf71e,8.459802011064927,A,1.1717963181425557,25.105946946104535,0.26391431926912673,4.0,9.562633941049922,45.65787059967399,7.34272904575,-1.03330240246,1.0
c0f60f8908574c7687476706eb1d2fc0,8.477081248221857,A,2.3896092402631126,24.7192528571147,71.19144333855562,1.0,0.9007787090003183,7.867699771732937,8.51815479416,2.81211807965,0.0
c22e39d227c04544b20b7508be34af87,4.356019552516919,A,-2.1665734880175584,18.66539497525816,4.6747332708466836,4.0,6.984962964186004,0.013205890910742445,9.88060642225,-8.6816278969,1.0
c24eea42c0a4492eacbb5b7cc5ab2279,5.594638520913979,B,4.5327467109600015,20.666714790753907,0.11927434826870148,4.0,9.698422192480821,0.038682477067787255,3.06534460242,5.56737628946,1.0
c2cdf57af5814e71a6fc27d4c09e4675,5.729624164809353,B,-3.5178457498352267,31.308868740290208,97.37280111041099,2.0,9.084186174290663,0.0012374493433774387,2.17945670658,-6.25252465256,1.0
c2edb170bd3e4935975ec98fb6cf4993,8.587228515066771,C,5.62904604747113,28.120050851357078,15.826631467830609,1.0,6.466396278667261,238.27984581567316,5.057745924,0.248696620076,1.0
c32970d318734ed0953167518fbb9bf5,9.501689817366888,C,-10.371671986838912,28.142646770622754,18.704566201635863,3.0,0.8815182585297154,9.701487695452597E-5,9.62326372861,2.23353566735,1.0
c4cc43dc601c4d04841e6df381ffaaae,8.009153383287746,B,-11.410082766004479,28.906093133963207,236.22077588186983,3.0,4.483295299495335,0.2308892284307445,2.98595341514,-1.89994269231,1.0
c4ceb9b2bd944ffd814116e319093784,4.930675333098101,C,-0.837118836995403,22.798947167484393,2.711831372942029,1.0,7.060861472472012,637.1798981601415,1.04681138732,1.5952627969,1.0
c520e994ab0d489583ffe7b10745f5d6,8.321479759398105,A,7.25858586363416,21.91605672649278,368.416024124529,3.0,3.269817963340537,28886.14796430868,2.15820925641,-8.19781108794,0.0
c5611f8519394c37ae4c044e862511a4,4.608748230746317,A,-0.2895173130841256,22.85632321018673,0.4072618648766846,2.0,4.296660489669183,251.64816021567037,9.92177860384,12.0607483771,1.0
c6691df9b217490ab757ce5b921a829f,3.81138459834189,C,12.51373150169748,18.02506167753472,0.012566678967940328,1.0,3.324530749003899,6.220566538234842,3.48184347707,0.44121632815,0.0
c681d41ac41b44c6a5c4b7683fe86d27,4.102476557369663,B,-9.704030702605266,27.60887411947029,0.4975482086591339,2.0,7.085282486911877,1.872473867858327,2.14565691292,0.357228467821,1.0
c735985cc56e4552a4f8fd7186fc5e53,4.551449559812078,C,-5.5814740275500565,20.159908642062984,34.07705845954003,4.0,9.327182924624983,2.2186954408472688,7.00454076045,-2.87287441196,1.0
c7b55c564574408ab824486b743b9c73,5.5353778719932265,A,-0.704889140211203,31.129099375787725,0.11823370254021412,2.0,0.9764643718281096,142.3574770652541,3.02102383755,-1.34069582648,0.0
c903bc35a4924aa5b20f05c0d22ffa70,6.790561380219642,C,-0.32052009875699866,34.880589359664356,2.2760535168253457,3.0,4.028927907909176,0.00985096941125819,9.84796969681,-1.06824559329,1.0
cb638e4577484e48b9e24995fc367d0c,7.131116717388718,A,8.082435633911132,21.361300165402167,6.496649188866077,1.0,4.123035733058716,10885.820984925387,4.08275227407,2.72235773647,0.0
cba843c3773246daa720a08618d6f786,3.712819521019709,A,-4.858294015290356,24.3959297081904,0.60021137536868,4.0,5.676782607747175,2.7544623157700574,4.16839931209,-4.07236506222,1.0
cd639dbf2a2f4d46b7598f9bf8b48a1d,8.88519934912168,C,-1.895296703808385,24.68324238500898,357.6308510845852,4.0,3.7969654925533316,3.4868710461414003,2.64407374325,1.22371347689,1.0
ce3e2f2bd27c40a28634a800794fa4c5,4.630276834522239,B,4.375073670223229,33.42069557789111,0.0019144607593877853,4.0,1.6219436032762657,1.061113702195255,2.16027883825,3.246205167,0.0
cfceae5ad4684754bb429965f9ebf799,1.7720470970538993,A,1.5959966536561772,30.951204996030395,0.05432652194327285,2.0,0.5537081918439957,0.016209699072258395,2.86606079326,-0.496677926829,0.0
d0743cde7f444683bb0b30611aaceb79,6.201144051233558,C,7.729221431255508,16.530577298632068,0.0019467445121173397,4.0,8.730043202967803,0.01276583745717236,6.18978751317,-0.666765438642,1.0
d07cf315388e4a04ba9f099d345a3899,4.6158790687365965,A,8.030052941962202,22.551298978148495,0.01843213863060499,2.0,2.1790746150401805,47.8251129821338,4.98352907003,-0.220629417586,0.0
d151da509fe440d58beeda85526942ea,8.638173266894512,B,-2.960056218054673,33.82383645068841,1.8211950913591433,3.0,9.48236321594526,2.8851104578166313,9.46043206178,5.71824954299,1.0
d1ac103719b842bcac8c245a2c5fcac3,9.869233478663276,B,3.1591425751533295,27.477927202894524,3.041398845009925,1.0,9.804235051612789,5821.603287297084,9.16423371782,1.25477024461,1.0
d25d79154cdd4f37a6cd15fb92345924,0.3730560098217517,A,2.2642757049251334,20.558606019364728,0.2865894039205351,2.0,5.550506736089469,2179.4624812925026,1.17894192117,-2.46494604738,1.0
d2ce3808c4a840d3a2705c9fdb3b4bee,0.7493903738621155,A,2.709399169445698,24.46582804782229,0.04982961099800516,2.0,1.9894617082217525,0.041263227627663344,4.68798067537,-8.40545880569,0.0
d31b11eb4e0742b4bfcfcb37a9fc1081,9.918104082575026,A,-2.688317665068566,24.69773593802951,0.011987477126774861,3.0,8.09939332967963,39.3356291260668,3.33699198306,1.31092092947,1.0
d3fea4a6763f4e09a1d5f90f59b66e9a,7.0662124533784345,A,3.788909461328796,18.36877751205369,1595.5093811584861,3.0,3.213579759762968,0.12892505840885488,6.22188443562,1.2658958194,1.0
d43843dffb4d44f0a901ce99ba45da63,7.502763981990382,B,-9.064006841383742,15.059548749707062,360.1196525613554,1.0,1.6871989384578079,9.580687180716607,1.12079512442,1.79650361939,1.0
d5479dc9deda40af8f0065c07fe7b89e,3.0427514145150534,A,-7.244900048982979,19.39619072259056,0.008971245570897377,2.0,4.30961102262171,775.7522026732315,6.77400609115,-12.7320530377,1.0
d60dd4c8acd24ea1a122c33a2728ee41,2.6565124183418973,A,0.5144787474632566,25.741833511536036,7.008001284219722,2.0,9.079308236146304,0.10510106551883544,4.95862518681,5.57435733261,1.0
d68f9c9c55554ac2870a0a8f375f2b0a,4.705390446066803,C,1.1643955786873996,34.46015925085318,2.677627073798179E-4,1.0,2.0349763564361787,5.18180474103731,1.69810666092,10.8963441746,0.0
d6cfebdf7b7540589fa92a2f9bcfe7d9,6.191610483287963,C,-3.3518591174257524,33.69084169824655,1.891320899623504,4.0,7.476273363320947,5.985390712608866E-4,7.87313011474,3.85421690513,1.0
d6ea9b267690407cbd5f89e00322eb93,9.59685897740924,C,-0.45709974197388314,16.427557856322203,2.3395678233599244,2.0,3.397965689442959,15.209190833179822,7.32044948387,-0.878836713049,0.0
d7380890d71c498d822d6863724114b7,6.623756906739762,C,-0.7423180559374396,22.246840951787735,73.72909018215509,1.0,3.964864155793957,1.830064644266805,7.40018306522,2.29190526716,0.0
d897b070ab1a438e836b3d5cb1053af8,5.917125514533997,A,-5.9409721501624375,24.96539983247696,113332.79727885626,2.0,0.2797600092488106,33.406144786984136,4.034505925,4.70966448871,1.0
d952f877ed8e4891b33e97c04e6f2df9,6.87659839553773,B,8.203603387412555,20.45671585401253,39.83228066996892,2.0,8.089888892564193,5.293338362339242,7.52327515484,-0.332258664952,0.0
d9764fec7305454fa18021b70264bd52,8.250313901269658,C,-3.0979048964881906,18.82047132499756,0.8245438231672003,4.0,4.727323028805418,4.802021454579953E-4,5.01214080496,-8.32921571931,1.0
da267b0f3cde465ba84345aa448c2e01,0.3206104442553781,B,-17.60852079450234,24.9082337529898,4.914953229862232E-4,2.0,1.1372748328066806,9.284712639931412,1.33618830929,-1.68764631452,1.0
da803a5a19484aeb8de9ffbcfb15c26e,6.756148705634427,B,3.8705195325038617,20.026463359775146,0.2841534256468171,2.0,5.2809142386032235,401.40976633844735,9.97093644317,2.54146747308,1.0
daf9047c583943f5b0823273ebdfdb6f,7.374199877802324,C,-0.03945191782145262,28.754296838651236,19.787863135971605,2.0,5.878571288692784,38985.624898882365,8.9185414421,-3.62311631527,1.0
dc213ea8b1b7400cbb9d63cf744bda77,2.9132088618378993,A,7.660250047736495,25.731256730206198,0.3721243959127129,3.0,5.681708733724355,0.0035172362227194605,4.97080769359,-0.905695092447,0.0
dd04dc89cc3a42e69cf88c345eddea42,5.024876540681502,B,7.894625536225269,24.6906490015417,9.38210260538149,4.0,9.468133118995363,3.0952811422591573,4.78170634341,-5.4025819824,1.0
dd29507d78d142489deaed924ec69255,4.2779234646668645,B,3.5824048626149914,29.50532341253866,72.53482994757937,1.0,5.344391772299776,20.30730867091438,4.15373938853,-5.68977670869,1.0
dde820dc228f4837913946bb3744336b,1.2167557287028818,B,-3.4101075452782985,26.241593319646235,0.16965575623597523,4.0,7.315057936208852,0.41174306868845323,2.87080353774,-6.89087457196,1.0
df33c33d40aa483faa5df06360cae4fb,8.510211679619598,C,6.4895671119487375,26.025106186003853,0.035460101545721774,1.0,7.529057869016935,0.13099716327878125,1.98194734168,0.718164405969,1.0
dfb024d845684cc0896c15d1656d18a2,5.011514733417604,C,5.300277171902183,20.230718452330855,2.449081337753978,2.0,3.6557783516292353,14290.000861737082,5.47640811209,1.53646060032,0.0
e18c2662552b4584a83cf1dffee34c42,7.567495874145514,A,0.5887172967073557,26.35806268124931,63176.72219825352,4.0,8.999069656680863,301.56603409101916,9.23153382901,8.00756221351,1.0
e2d588441d3149e5b053894a6f7e7380,1.5155271058057573,A,-2.1900696202192336,26.924099244511886,8.912443096457206,2.0,4.087903584445291,2.3119946437929286,8.08509883992,-11.4579366991,0.0
e64e9666da28452baffa9e1aed7f7ea2,6.184852100075068,C,-6.23690952642339,26.23898805141522,2.62229098402046,4.0,0.08562949500685035,10.977750106869484,7.44132120369,11.6631455055,1.0
e6bf744513f34284b187b85a3b910f7a,0.5029244973176072,A,-2.941771491879794,20.870869479079047,0.16781981667038465,1.0,9.648451388600693,63.75032291400794,7.24988983386,2.66957864686,1.0
e736225181184e9fb16cd383342f863e,9.295247445045295,B,-2.495430920580469,21.796795822709157,0.011120367875020312,3.0,6.761265091565893,8.193436279341322,0.0398774846802,-8.2686800915,1.0
e7f0f7cc2db340b7b69ede5b53c9f47d,3.3628716145975868,B,8.322803158205105,33.14113173989979,0.002024322215373839,2.0,5.168359827560547,0.04903780685801776,1.67377708668,2.15600509325,1.0
e861b75da475436385f45be51fcca625,8.182180169467522,A,-6.896454239381509,18.3923339408653,672.7074757484189,3.0,9.707382083559597,2158.113380129214,1.03170988749,-1.5339570779,1.0
e950f60e26e747edac11906e68354c77,5.765128350946346,A,-3.292709923412808,29.253895853794077,3.951211340533125,3.0,5.840043355231116,13.72161346286783,1.21577699251,-1.43820218315,1.0
e9885d9a45a14fb1831f5a3fa8062222,8.42151991771933,C,-0.705636424914799,21.329486537387403,9.654684018450067E-6,4.0,7.654659758331347,20574.88730698543,2.88532825104,7.47995243914,1.0
e99f9b756a4a4f3984bba97536cedc9b,8.714561264215295,C,5.655047636464287,26.013957776295186,0.19529957187721497,4.0,8.36137458254483,46428.50535214135,3.16216399313,3.92206159429,1.0
eb30efcfb69b4059bc0e394918be9740,2.4914520012398143,C,-0.08156874320181488,24.164233067593248,331.5826660921645,4.0,5.377576444051503,0.04512392369645775,3.82621165749,5.61793585593,1.0
eb7781c013594a94aa1026779d9ad815,7.448408504577212,B,10.37605097555655,26.062271460999327,7.645556430256906E-4,3.0,2.1890897902861584,0.0019841256715842836,5.39955523668,-8.71110427237,0.0
ed2cf15310284a85be96b76bbb3d62c7,8.531088840488666,A,-2.857640695108171,27.024691605924502,3.3612369372658146,3.0,3.100087673237788,1.675596291184331,5.59499718402,0.702989763425,1.0
edcbead3724248c9afe585c42985c613,6.289480388487487,A,-2.8140250808113616,18.289364999033342,0.042168105535750136,3.0,4.1823144572853295,0.1041219199306067,8.23417763675,4.55892297145,1.0
edcc4946cf1f47cea10c8f4d6bf2329e,5.3135559579799105,A,-1.2456215113372169,19.45002232730939,0.04411566796744747,1.0,8.742258384902616,1989.6088823181424,0.173175703907,4.55409847123,1.0
edcda5e34ba847dcb0ea20c3305d0b04,6.660815245634249,C,-4.989314168961851,24.450297467889186,0.1347669702470284,2.0,9.088379109564588,1.0531934635228382,5.76318332947,-0.409735882566,1.0
eee8dcf0b3aa471f9f5546e235365cef,1.1157609305136762,C,0.32248158333322163,18.83755620745533,39.82998386191968,4.0,0.7172693687933274,0.41879650240855193,8.82287308174,0.64622819684,1.0
ef0ee6da33824b24b947ecf7a0ab8a94,8.504449592527344,A,-4.4836165870806335,26.32171173867059,0.1864608842160304,1.0,2.058339479642224,0.09066108045158253,0.284150914826,-1.81324437916,0.0
efe94bd0e9ef4dd2842d91da9d722e39,4.80272298351472,B,5.729327559321279,23.475422672112057,1871.7502278360967,1.0,1.4702838742843605,2678.680188055526,2.03628059151,0.991258164151,0.0
f03eae07d1cb43d7838829399548103f,5.174431467336183,A,-3.370869556993092,22.48246161708496,24.101682474715304,1.0,6.993705044350865,0.0023711959636773883,8.67996194482,-4.4459166467,1.0
f1e292e9ea554602845d10534607d763,3.9967003872954177,C,0.461442187522058,14.225277220827673,0.0040952631044750805,1.0,1.7589154844548582,0.006528438729724628,9.49512705142,0.810296877545,0.0
f2bd186dd32c4dbca396f76b1bbda287,9.379635345681397,A,-5.078875592394864,20.490226037597658,1.8547970602265773,1.0,9.884255929217316,0.007695017313501047,2.645498543,-2.1154587733,1.0
f3218585445f4e5387bf30a424bf2ca3,1.2628572036350105,B,-2.1453457128375457,23.933570137136023,10.858367623886322,4.0,2.6543340990686595,1.8282099083118347E-4,4.76077046848,6.67360192381,1.0
f49ab1a84e10490786a092e598e4a1fb,4.9073790469138245,A,4.703496052081026,20.85823000572738,0.005606758554374278,3.0,3.8295190343747496,21557.041710693717,3.8066928645,0.372685631935,0.0
f49e94639af84766b66bc6af6e42f0cd,8.452266233795449,C,-9.884490971657064,26.89618885196444,13.572631123211933,4.0,2.411363647687881,58.594981649615974,9.04836154882,3.92155761199,1.0
f5c981307e7d47d6997d8ec29f481585,5.173098452662917,A,1.0957570341939111,21.884461217434957,996.6571466113938,1.0,1.7522228307820875,0.0023277705303231047,3.80521882786,7.0438663929,0.0
f5e1135ebdef418b8ed61a3b7f44f926,4.040271847556785,B,-0.011386317721851192,26.134211355180877,0.8079557547878237,2.0,5.1871953723549815,8.235710971367611E-4,1.82242775362,4.48579728377,0.0
f65284ebf8da467fb19c84a89a592c8f,1.7665768097590129,C,0.40675231413174107,29.870280546569926,26.291641412592142,2.0,2.3117740210538473,2.8801494202673235E-4,1.73864531012,0.774141878014,0.0
f6e824e72e9f486a94016951941f0ef3,1.7856728093323315,B,-12.897612842037034,31.165945421937124,129.2553798822763,1.0,4.890867393532626,0.005286369098084171,6.40472011606,-4.93543586454,1.0
f6f2fb14d0bf467e821bb065d3a2f616,1.5662936998230559,C,-0.9098608382065887,26.13702065453314,0.1821866927415005,2.0,9.76939286835019,0.4514578648496991,3.50094276436,2.09508406637,1.0
f83af54a28c6459e852d33c146f54fed,9.468528893769284,A,4.081850652803436,19.78366647220528,0.23505017584952212,4.0,3.810235472197868,13.525132493466339,6.76513278158,-2.11411164651,0.0
f917a4692ad84b5198c326146866aa6d,1.6336982629506902,A,-5.281255968155162,35.66065165445489,0.1472132368706048,4.0,8.20375087785918,26.951216779823444,6.26325458354,10.2704381282,1.0
f91f7141fcea4599b99437d41f638a4d,1.9193759753563744,C,-5.116038362453549,21.90262392783274,0.007192036591934685,4.0,9.4525059078945,0.05105803071251242,6.87777563392,1.01669079092,1.0
f920d5d9c8e0482facd393a6e0927cac,4.162003015351826,A,0.021891508920644155,25.68726477110057,0.5164890467928183,2.0,0.3713536703515641,0.027375565347496515,7.69812315318,-1.5396866378,0.0
f9af49d65de64a65b21d64a9223c5ed6,7.546045206722546,C,1.912767170372514,26.86157724718457,0.09742228478690582,3.0,4.52274306157474,1.6226893624410633E-4,2.56549529966,6.89818199078,0.0
f9b75212611d49438982e40eb5a3e4e9,6.605196519694321,B,-3.337325278135629,20.610421444753136,14.483936717802324,4.0,9.874593754176411,360.23105754124407,9.12579822916,-3.94696734799,1.0
f9fbd7fe0f444212b4a2877153898ea3,4.110846709775514,B,-3.7774200708006673,35.966836980349214,0.7326577864670358,4.0,1.4968107466607994,46770.877178754956,1.32810733102,8.40241672396,1.0
faae764495d94ee5b10bad18d2d7882b,0.38541630074401034,C,-5.192561822338955,32.127998303572824,0.6025250760045838,3.0,4.649991874605167,68.26246071431105,0.323110051238,7.78850057768,1.0
fb33e7a178514f74bb4c3bbf22203c68,8.198726380870552,B,-2.1655412972041828,31.843033744262254,0.010420879140701571,1.0,2.3197127244979754,0.10799962911313862,7.54996939628,1.20181301828,0.0
fb3b8714a38c45338970eeab033bb3dd,9.126986633899707,C,1.8596814715479377,35.654506955714716,0.0017880562919872286,4.0,0.7669260874707418,63.437466953927945,5.22343658766,8.66491857327,0.0
fb5bb3e1db94480987c11d1a9d23405c,1.4550269620470746,C,-2.531392845355114,19.950700886259554,0.08491992550147734,3.0,7.593982828401698,204.77957739663356,1.66053151872,1.16197140385,1.0
fbd50be50e0341e99862047908ddd1b9,1.6836992411353058,A,-0.21510825315009818,18.788840693054162,0.1150407368628969,2.0,3.3918480694483977,0.4827177113941201,3.26312625532,8.08235801808,0.0
fcb1426a280a4a8484ee1cc19bba1e3a,3.6258869965863614,A,-1.3479463820411737,17.108357832189846,0.06714472615333997,1.0,8.924099207646313,0.0012293169639498857,1.76820651903,3.863764322,1.0
fda6579d96104ad6b05ace66fc687a72,9.60228447300967,C,0.0709327518017323,21.7572282353908,0.58126859979135,4.0,6.16769513531747,7.144250135820283E-6,7.76936981041,-3.23887318774,0.0
fe176249c4f64b93b165486a6ce890dd,2.9144463005265675,B,5.2403953355040835,25.264855411364337,62.886375921595814,2.0,3.4774506172500907,0.0791746856861993,9.02818259425,0.268397952104,0.0
